achievement_id,condition_type,condition_param,threshold,achievement_point_reward,achievement_point_reward_vip,name_key,desc_key
cell_clear_10,CellClear,,10,5,5,UIAchievement_Name_cell_clear,UIAchievement_Desc_cell_clear
cell_clear_50,CellClear,,50,20,20,UIAchievement_Name_cell_clear,UIAchievement_Desc_cell_clear
cell_clear_100,CellClear,,100,40,40,UIAchievement_Name_cell_clear,UIAchievement_Desc_cell_clear
cell_clear_300,CellClear,,300,100,100,UIAchievement_Name_cell_clear,UIAchievement_Desc_cell_clear
cell_clear_500,CellClear,,500,100,100,UIAchievement_Name_cell_clear,UIAchievement_Desc_cell_clear
cell_clear_1000,CellClear,,1000,100,100,UIAchievement_Name_cell_clear,UIAchievement_Desc_cell_clear
cell_clear_5000,CellClear,,5000,100,100,UIAchievement_Name_cell_clear,UIAchievement_Desc_cell_clear
cell_clear_10000,CellClear,,10000,100,100,UIAchievement_Name_cell_clear,UIAchievement_Desc_cell_clear
cell_clear_20000,CellClear,,20000,100,100,UIAchievement_Name_cell_clear,UIAchievement_Desc_cell_clear
cell_clear_30000,CellClear,,30000,100,100,UIAchievement_Name_cell_clear,UIAchievement_Desc_cell_clear
cell_clear_40000,CellClear,,40000,100,100,UIAchievement_Name_cell_clear,UIAchievement_Desc_cell_clear
cell_clear_50000,CellClear,,50000,100,100,UIAchievement_Name_cell_clear,UIAchievement_Desc_cell_clear
event_cell_5,EventCell,,5,10,10,UIAchievement_Name_event_cell,UIAchievement_Desc_event_cell
event_cell_10,EventCell,,10,20,20,UIAchievement_Name_event_cell,UIAchievement_Desc_event_cell
event_cell_20,EventCell,,20,40,40,UIAchievement_Name_event_cell,UIAchievement_Desc_event_cell
event_cell_50,EventCell,,50,80,80,UIAchievement_Name_event_cell,UIAchievement_Desc_event_cell
event_cell_100,EventCell,,100,100,100,UIAchievement_Name_event_cell,UIAchievement_Desc_event_cell
event_cell_200,EventCell,,200,100,100,UIAchievement_Name_event_cell,UIAchievement_Desc_event_cell
event_cell_500,EventCell,,500,100,100,UIAchievement_Name_event_cell,UIAchievement_Desc_event_cell
event_cell_1000,EventCell,,1000,100,100,UIAchievement_Name_event_cell,UIAchievement_Desc_event_cell
event_cell_2000,EventCell,,2000,100,100,UIAchievement_Name_event_cell,UIAchievement_Desc_event_cell
event_cell_5000,EventCell,,5000,100,100,UIAchievement_Name_event_cell,UIAchievement_Desc_event_cell
event_cell_10000,EventCell,,10000,100,100,UIAchievement_Name_event_cell,UIAchievement_Desc_event_cell
zone_clear_total_10,ZoneClearTotal,,10,30,30,UIAchievement_Name_zone_clear_total,UIAchievement_Desc_zone_clear_total
zone_clear_total_25,ZoneClearTotal,,25,60,60,UIAchievement_Name_zone_clear_total,UIAchievement_Desc_zone_clear_total
zone_clear_total_50,ZoneClearTotal,,50,100,100,UIAchievement_Name_zone_clear_total,UIAchievement_Desc_zone_clear_total
zone_clear_total_75,ZoneClearTotal,,75,100,150,UIAchievement_Name_zone_clear_total,UIAchievement_Desc_zone_clear_total
zone_clear_total_100,ZoneClearTotal,,100,100,200,UIAchievement_Name_zone_clear_total,UIAchievement_Desc_zone_clear_total
zone_clear_1,ZoneClearSpecific,1,1,10,10,UIAchievement_Name_zone_clear,UIAchievement_Desc_zone_clear
zone_clear_2,ZoneClearSpecific,2,1,10,10,UIAchievement_Name_zone_clear,UIAchievement_Desc_zone_clear
zone_clear_3,ZoneClearSpecific,3,1,10,10,UIAchievement_Name_zone_clear,UIAchievement_Desc_zone_clear
zone_clear_4,ZoneClearSpecific,4,1,10,10,UIAchievement_Name_zone_clear,UIAchievement_Desc_zone_clear
zone_clear_5,ZoneClearSpecific,5,1,10,10,UIAchievement_Name_zone_clear,UIAchievement_Desc_zone_clear
zone_clear_6,ZoneClearSpecific,6,1,10,10,UIAchievement_Name_zone_clear,UIAchievement_Desc_zone_clear
zone_clear_7,ZoneClearSpecific,7,1,10,10,UIAchievement_Name_zone_clear,UIAchievement_Desc_zone_clear
zone_clear_8,ZoneClearSpecific,8,1,10,10,UIAchievement_Name_zone_clear,UIAchievement_Desc_zone_clear
zone_clear_9,ZoneClearSpecific,9,1,10,10,UIAchievement_Name_zone_clear,UIAchievement_Desc_zone_clear
zone_clear_10,ZoneClearSpecific,10,1,10,10,UIAchievement_Name_zone_clear,UIAchievement_Desc_zone_clear
zone_clear_11,ZoneClearSpecific,11,1,20,20,UIAchievement_Name_zone_clear,UIAchievement_Desc_zone_clear
zone_clear_12,ZoneClearSpecific,12,1,20,20,UIAchievement_Name_zone_clear,UIAchievement_Desc_zone_clear
zone_clear_13,ZoneClearSpecific,13,1,20,20,UIAchievement_Name_zone_clear,UIAchievement_Desc_zone_clear
zone_clear_14,ZoneClearSpecific,14,1,20,20,UIAchievement_Name_zone_clear,UIAchievement_Desc_zone_clear
zone_clear_15,ZoneClearSpecific,15,1,20,20,UIAchievement_Name_zone_clear,UIAchievement_Desc_zone_clear
zone_clear_16,ZoneClearSpecific,16,1,20,20,UIAchievement_Name_zone_clear,UIAchievement_Desc_zone_clear
zone_clear_17,ZoneClearSpecific,17,1,20,20,UIAchievement_Name_zone_clear,UIAchievement_Desc_zone_clear
zone_clear_18,ZoneClearSpecific,18,1,20,20,UIAchievement_Name_zone_clear,UIAchievement_Desc_zone_clear
zone_clear_19,ZoneClearSpecific,19,1,20,20,UIAchievement_Name_zone_clear,UIAchievement_Desc_zone_clear
zone_clear_20,ZoneClearSpecific,20,1,20,20,UIAchievement_Name_zone_clear,UIAchievement_Desc_zone_clear
zone_clear_21,ZoneClearSpecific,21,1,30,30,UIAchievement_Name_zone_clear,UIAchievement_Desc_zone_clear
zone_clear_22,ZoneClearSpecific,22,1,30,30,UIAchievement_Name_zone_clear,UIAchievement_Desc_zone_clear
zone_clear_23,ZoneClearSpecific,23,1,30,30,UIAchievement_Name_zone_clear,UIAchievement_Desc_zone_clear
zone_clear_24,ZoneClearSpecific,24,1,30,30,UIAchievement_Name_zone_clear,UIAchievement_Desc_zone_clear
zone_clear_25,ZoneClearSpecific,25,1,30,30,UIAchievement_Name_zone_clear,UIAchievement_Desc_zone_clear
zone_clear_26,ZoneClearSpecific,26,1,30,30,UIAchievement_Name_zone_clear,UIAchievement_Desc_zone_clear
zone_clear_27,ZoneClearSpecific,27,1,30,30,UIAchievement_Name_zone_clear,UIAchievement_Desc_zone_clear
zone_clear_28,ZoneClearSpecific,28,1,30,30,UIAchievement_Name_zone_clear,UIAchievement_Desc_zone_clear
zone_clear_29,ZoneClearSpecific,29,1,30,30,UIAchievement_Name_zone_clear,UIAchievement_Desc_zone_clear
zone_clear_30,ZoneClearSpecific,30,1,30,30,UIAchievement_Name_zone_clear,UIAchievement_Desc_zone_clear
zone_clear_31,ZoneClearSpecific,31,1,30,30,UIAchievement_Name_zone_clear,UIAchievement_Desc_zone_clear
zone_clear_32,ZoneClearSpecific,32,1,40,40,UIAchievement_Name_zone_clear,UIAchievement_Desc_zone_clear
zone_clear_33,ZoneClearSpecific,33,1,40,40,UIAchievement_Name_zone_clear,UIAchievement_Desc_zone_clear
zone_clear_34,ZoneClearSpecific,34,1,40,40,UIAchievement_Name_zone_clear,UIAchievement_Desc_zone_clear
zone_clear_35,ZoneClearSpecific,35,1,40,40,UIAchievement_Name_zone_clear,UIAchievement_Desc_zone_clear
zone_clear_36,ZoneClearSpecific,36,1,40,40,UIAchievement_Name_zone_clear,UIAchievement_Desc_zone_clear
zone_clear_37,ZoneClearSpecific,37,1,40,40,UIAchievement_Name_zone_clear,UIAchievement_Desc_zone_clear
zone_clear_38,ZoneClearSpecific,38,1,40,40,UIAchievement_Name_zone_clear,UIAchievement_Desc_zone_clear
zone_clear_39,ZoneClearSpecific,39,1,40,40,UIAchievement_Name_zone_clear,UIAchievement_Desc_zone_clear
zone_clear_40,ZoneClearSpecific,40,1,40,40,UIAchievement_Name_zone_clear,UIAchievement_Desc_zone_clear
zone_clear_41,ZoneClearSpecific,41,1,50,50,UIAchievement_Name_zone_clear,UIAchievement_Desc_zone_clear
zone_clear_42,ZoneClearSpecific,42,1,50,50,UIAchievement_Name_zone_clear,UIAchievement_Desc_zone_clear
zone_clear_43,ZoneClearSpecific,43,1,50,50,UIAchievement_Name_zone_clear,UIAchievement_Desc_zone_clear
zone_clear_44,ZoneClearSpecific,44,1,50,50,UIAchievement_Name_zone_clear,UIAchievement_Desc_zone_clear
zone_clear_45,ZoneClearSpecific,45,1,50,50,UIAchievement_Name_zone_clear,UIAchievement_Desc_zone_clear
zone_clear_46,ZoneClearSpecific,46,1,50,50,UIAchievement_Name_zone_clear,UIAchievement_Desc_zone_clear
zone_clear_47,ZoneClearSpecific,47,1,50,50,UIAchievement_Name_zone_clear,UIAchievement_Desc_zone_clear
zone_clear_48,ZoneClearSpecific,48,1,50,50,UIAchievement_Name_zone_clear,UIAchievement_Desc_zone_clear
zone_clear_49,ZoneClearSpecific,49,1,50,50,UIAchievement_Name_zone_clear,UIAchievement_Desc_zone_clear
zone_clear_50,ZoneClearSpecific,50,1,50,50,UIAchievement_Name_zone_clear,UIAchievement_Desc_zone_clear
zone_clear_51,ZoneClearSpecific,51,1,60,60,UIAchievement_Name_zone_clear,UIAchievement_Desc_zone_clear
zone_clear_52,ZoneClearSpecific,52,1,60,60,UIAchievement_Name_zone_clear,UIAchievement_Desc_zone_clear
zone_clear_53,ZoneClearSpecific,53,1,60,60,UIAchievement_Name_zone_clear,UIAchievement_Desc_zone_clear
zone_clear_54,ZoneClearSpecific,54,1,60,60,UIAchievement_Name_zone_clear,UIAchievement_Desc_zone_clear
zone_clear_55,ZoneClearSpecific,55,1,60,60,UIAchievement_Name_zone_clear,UIAchievement_Desc_zone_clear
zone_clear_56,ZoneClearSpecific,56,1,60,60,UIAchievement_Name_zone_clear,UIAchievement_Desc_zone_clear
zone_clear_57,ZoneClearSpecific,57,1,60,60,UIAchievement_Name_zone_clear,UIAchievement_Desc_zone_clear
zone_clear_58,ZoneClearSpecific,58,1,60,60,UIAchievement_Name_zone_clear,UIAchievement_Desc_zone_clear
zone_clear_59,ZoneClearSpecific,59,1,60,60,UIAchievement_Name_zone_clear,UIAchievement_Desc_zone_clear
zone_clear_60,ZoneClearSpecific,60,1,60,60,UIAchievement_Name_zone_clear,UIAchievement_Desc_zone_clear
zone_clear_61,ZoneClearSpecific,61,1,70,70,UIAchievement_Name_zone_clear,UIAchievement_Desc_zone_clear
zone_clear_62,ZoneClearSpecific,62,1,70,70,UIAchievement_Name_zone_clear,UIAchievement_Desc_zone_clear
zone_clear_63,ZoneClearSpecific,63,1,70,70,UIAchievement_Name_zone_clear,UIAchievement_Desc_zone_clear
zone_clear_64,ZoneClearSpecific,64,1,70,70,UIAchievement_Name_zone_clear,UIAchievement_Desc_zone_clear
zone_clear_65,ZoneClearSpecific,65,1,70,70,UIAchievement_Name_zone_clear,UIAchievement_Desc_zone_clear
zone_clear_66,ZoneClearSpecific,66,1,70,70,UIAchievement_Name_zone_clear,UIAchievement_Desc_zone_clear
zone_clear_67,ZoneClearSpecific,67,1,70,70,UIAchievement_Name_zone_clear,UIAchievement_Desc_zone_clear
zone_clear_68,ZoneClearSpecific,68,1,70,70,UIAchievement_Name_zone_clear,UIAchievement_Desc_zone_clear
zone_clear_69,ZoneClearSpecific,69,1,70,70,UIAchievement_Name_zone_clear,UIAchievement_Desc_zone_clear
zone_clear_70,ZoneClearSpecific,70,1,70,70,UIAchievement_Name_zone_clear,UIAchievement_Desc_zone_clear
zone_clear_71,ZoneClearSpecific,71,1,80,80,UIAchievement_Name_zone_clear,UIAchievement_Desc_zone_clear
zone_clear_72,ZoneClearSpecific,72,1,80,80,UIAchievement_Name_zone_clear,UIAchievement_Desc_zone_clear
zone_clear_73,ZoneClearSpecific,73,1,80,80,UIAchievement_Name_zone_clear,UIAchievement_Desc_zone_clear
zone_clear_74,ZoneClearSpecific,74,1,80,80,UIAchievement_Name_zone_clear,UIAchievement_Desc_zone_clear
zone_clear_75,ZoneClearSpecific,75,1,80,80,UIAchievement_Name_zone_clear,UIAchievement_Desc_zone_clear
zone_clear_76,ZoneClearSpecific,76,1,80,80,UIAchievement_Name_zone_clear,UIAchievement_Desc_zone_clear
zone_clear_77,ZoneClearSpecific,77,1,80,80,UIAchievement_Name_zone_clear,UIAchievement_Desc_zone_clear
zone_clear_78,ZoneClearSpecific,78,1,80,80,UIAchievement_Name_zone_clear,UIAchievement_Desc_zone_clear
zone_clear_79,ZoneClearSpecific,79,1,80,80,UIAchievement_Name_zone_clear,UIAchievement_Desc_zone_clear
zone_clear_80,ZoneClearSpecific,80,1,80,80,UIAchievement_Name_zone_clear,UIAchievement_Desc_zone_clear
zone_clear_81,ZoneClearSpecific,81,1,90,90,UIAchievement_Name_zone_clear,UIAchievement_Desc_zone_clear
zone_clear_82,ZoneClearSpecific,82,1,90,90,UIAchievement_Name_zone_clear,UIAchievement_Desc_zone_clear
zone_clear_83,ZoneClearSpecific,83,1,90,90,UIAchievement_Name_zone_clear,UIAchievement_Desc_zone_clear
zone_clear_84,ZoneClearSpecific,84,1,90,90,UIAchievement_Name_zone_clear,UIAchievement_Desc_zone_clear
zone_clear_85,ZoneClearSpecific,85,1,90,90,UIAchievement_Name_zone_clear,UIAchievement_Desc_zone_clear
zone_clear_86,ZoneClearSpecific,86,1,90,90,UIAchievement_Name_zone_clear,UIAchievement_Desc_zone_clear
zone_clear_87,ZoneClearSpecific,87,1,90,90,UIAchievement_Name_zone_clear,UIAchievement_Desc_zone_clear
zone_clear_88,ZoneClearSpecific,88,1,90,90,UIAchievement_Name_zone_clear,UIAchievement_Desc_zone_clear
zone_clear_89,ZoneClearSpecific,89,1,90,90,UIAchievement_Name_zone_clear,UIAchievement_Desc_zone_clear
zone_clear_90,ZoneClearSpecific,90,1,90,90,UIAchievement_Name_zone_clear,UIAchievement_Desc_zone_clear
zone_clear_91,ZoneClearSpecific,91,1,100,100,UIAchievement_Name_zone_clear,UIAchievement_Desc_zone_clear
zone_clear_92,ZoneClearSpecific,92,1,100,100,UIAchievement_Name_zone_clear,UIAchievement_Desc_zone_clear
zone_clear_93,ZoneClearSpecific,93,1,100,100,UIAchievement_Name_zone_clear,UIAchievement_Desc_zone_clear
zone_clear_94,ZoneClearSpecific,94,1,100,100,UIAchievement_Name_zone_clear,UIAchievement_Desc_zone_clear
zone_clear_95,ZoneClearSpecific,95,1,100,100,UIAchievement_Name_zone_clear,UIAchievement_Desc_zone_clear
zone_clear_96,ZoneClearSpecific,96,1,100,100,UIAchievement_Name_zone_clear,UIAchievement_Desc_zone_clear
zone_clear_97,ZoneClearSpecific,97,1,100,100,UIAchievement_Name_zone_clear,UIAchievement_Desc_zone_clear
zone_clear_98,ZoneClearSpecific,98,1,100,100,UIAchievement_Name_zone_clear,UIAchievement_Desc_zone_clear
zone_clear_99,ZoneClearSpecific,99,1,100,100,UIAchievement_Name_zone_clear,UIAchievement_Desc_zone_clear
zone_clear_100,ZoneClearSpecific,100,1,100,100,UIAchievement_Name_zone_clear,UIAchievement_Desc_zone_clear
zone_full_clear_1,ZoneFullClear,1,1,50,50,UIAchievement_Name_zone_full_clear,UIAchievement_Desc_zone_full_clear
zone_full_clear_2,ZoneFullClear,2,1,50,50,UIAchievement_Name_zone_full_clear,UIAchievement_Desc_zone_full_clear
zone_full_clear_3,ZoneFullClear,3,1,50,50,UIAchievement_Name_zone_full_clear,UIAchievement_Desc_zone_full_clear
zone_full_clear_4,ZoneFullClear,4,1,50,50,UIAchievement_Name_zone_full_clear,UIAchievement_Desc_zone_full_clear
zone_full_clear_5,ZoneFullClear,5,1,50,50,UIAchievement_Name_zone_full_clear,UIAchievement_Desc_zone_full_clear
zone_full_clear_6,ZoneFullClear,6,1,50,50,UIAchievement_Name_zone_full_clear,UIAchievement_Desc_zone_full_clear
zone_full_clear_7,ZoneFullClear,7,1,50,50,UIAchievement_Name_zone_full_clear,UIAchievement_Desc_zone_full_clear
zone_full_clear_8,ZoneFullClear,8,1,50,50,UIAchievement_Name_zone_full_clear,UIAchievement_Desc_zone_full_clear
zone_full_clear_9,ZoneFullClear,9,1,50,50,UIAchievement_Name_zone_full_clear,UIAchievement_Desc_zone_full_clear
zone_full_clear_10,ZoneFullClear,10,1,50,50,UIAchievement_Name_zone_full_clear,UIAchievement_Desc_zone_full_clear
zone_full_clear_11,ZoneFullClear,11,1,60,60,UIAchievement_Name_zone_full_clear,UIAchievement_Desc_zone_full_clear
zone_full_clear_12,ZoneFullClear,12,1,60,60,UIAchievement_Name_zone_full_clear,UIAchievement_Desc_zone_full_clear
zone_full_clear_13,ZoneFullClear,13,1,60,60,UIAchievement_Name_zone_full_clear,UIAchievement_Desc_zone_full_clear
zone_full_clear_14,ZoneFullClear,14,1,60,60,UIAchievement_Name_zone_full_clear,UIAchievement_Desc_zone_full_clear
zone_full_clear_15,ZoneFullClear,15,1,60,60,UIAchievement_Name_zone_full_clear,UIAchievement_Desc_zone_full_clear
zone_full_clear_16,ZoneFullClear,16,1,60,60,UIAchievement_Name_zone_full_clear,UIAchievement_Desc_zone_full_clear
zone_full_clear_17,ZoneFullClear,17,1,60,60,UIAchievement_Name_zone_full_clear,UIAchievement_Desc_zone_full_clear
zone_full_clear_18,ZoneFullClear,18,1,60,60,UIAchievement_Name_zone_full_clear,UIAchievement_Desc_zone_full_clear
zone_full_clear_19,ZoneFullClear,19,1,60,60,UIAchievement_Name_zone_full_clear,UIAchievement_Desc_zone_full_clear
zone_full_clear_20,ZoneFullClear,20,1,60,60,UIAchievement_Name_zone_full_clear,UIAchievement_Desc_zone_full_clear
zone_full_clear_21,ZoneFullClear,21,1,70,70,UIAchievement_Name_zone_full_clear,UIAchievement_Desc_zone_full_clear
zone_full_clear_22,ZoneFullClear,22,1,70,70,UIAchievement_Name_zone_full_clear,UIAchievement_Desc_zone_full_clear
zone_full_clear_23,ZoneFullClear,23,1,70,70,UIAchievement_Name_zone_full_clear,UIAchievement_Desc_zone_full_clear
zone_full_clear_24,ZoneFullClear,24,1,70,70,UIAchievement_Name_zone_full_clear,UIAchievement_Desc_zone_full_clear
zone_full_clear_25,ZoneFullClear,25,1,70,70,UIAchievement_Name_zone_full_clear,UIAchievement_Desc_zone_full_clear
zone_full_clear_26,ZoneFullClear,26,1,70,70,UIAchievement_Name_zone_full_clear,UIAchievement_Desc_zone_full_clear
zone_full_clear_27,ZoneFullClear,27,1,70,70,UIAchievement_Name_zone_full_clear,UIAchievement_Desc_zone_full_clear
zone_full_clear_28,ZoneFullClear,28,1,70,70,UIAchievement_Name_zone_full_clear,UIAchievement_Desc_zone_full_clear
zone_full_clear_29,ZoneFullClear,29,1,70,70,UIAchievement_Name_zone_full_clear,UIAchievement_Desc_zone_full_clear
zone_full_clear_30,ZoneFullClear,30,1,70,70,UIAchievement_Name_zone_full_clear,UIAchievement_Desc_zone_full_clear
zone_full_clear_31,ZoneFullClear,31,1,80,80,UIAchievement_Name_zone_full_clear,UIAchievement_Desc_zone_full_clear
zone_full_clear_32,ZoneFullClear,32,1,80,80,UIAchievement_Name_zone_full_clear,UIAchievement_Desc_zone_full_clear
zone_full_clear_33,ZoneFullClear,33,1,80,80,UIAchievement_Name_zone_full_clear,UIAchievement_Desc_zone_full_clear
zone_full_clear_34,ZoneFullClear,34,1,80,80,UIAchievement_Name_zone_full_clear,UIAchievement_Desc_zone_full_clear
zone_full_clear_35,ZoneFullClear,35,1,80,80,UIAchievement_Name_zone_full_clear,UIAchievement_Desc_zone_full_clear
zone_full_clear_36,ZoneFullClear,36,1,80,80,UIAchievement_Name_zone_full_clear,UIAchievement_Desc_zone_full_clear
zone_full_clear_37,ZoneFullClear,37,1,80,80,UIAchievement_Name_zone_full_clear,UIAchievement_Desc_zone_full_clear
zone_full_clear_38,ZoneFullClear,38,1,80,80,UIAchievement_Name_zone_full_clear,UIAchievement_Desc_zone_full_clear
zone_full_clear_39,ZoneFullClear,39,1,80,80,UIAchievement_Name_zone_full_clear,UIAchievement_Desc_zone_full_clear
zone_full_clear_40,ZoneFullClear,40,1,80,80,UIAchievement_Name_zone_full_clear,UIAchievement_Desc_zone_full_clear
zone_full_clear_41,ZoneFullClear,41,1,90,90,UIAchievement_Name_zone_full_clear,UIAchievement_Desc_zone_full_clear
zone_full_clear_42,ZoneFullClear,42,1,90,90,UIAchievement_Name_zone_full_clear,UIAchievement_Desc_zone_full_clear
zone_full_clear_43,ZoneFullClear,43,1,90,90,UIAchievement_Name_zone_full_clear,UIAchievement_Desc_zone_full_clear
zone_full_clear_44,ZoneFullClear,44,1,90,90,UIAchievement_Name_zone_full_clear,UIAchievement_Desc_zone_full_clear
zone_full_clear_45,ZoneFullClear,45,1,90,90,UIAchievement_Name_zone_full_clear,UIAchievement_Desc_zone_full_clear
zone_full_clear_46,ZoneFullClear,46,1,90,90,UIAchievement_Name_zone_full_clear,UIAchievement_Desc_zone_full_clear
zone_full_clear_47,ZoneFullClear,47,1,90,90,UIAchievement_Name_zone_full_clear,UIAchievement_Desc_zone_full_clear
zone_full_clear_48,ZoneFullClear,48,1,90,90,UIAchievement_Name_zone_full_clear,UIAchievement_Desc_zone_full_clear
zone_full_clear_49,ZoneFullClear,49,1,90,90,UIAchievement_Name_zone_full_clear,UIAchievement_Desc_zone_full_clear
zone_full_clear_50,ZoneFullClear,50,1,90,90,UIAchievement_Name_zone_full_clear,UIAchievement_Desc_zone_full_clear
zone_full_clear_51,ZoneFullClear,51,1,100,100,UIAchievement_Name_zone_full_clear,UIAchievement_Desc_zone_full_clear
zone_full_clear_52,ZoneFullClear,52,1,100,100,UIAchievement_Name_zone_full_clear,UIAchievement_Desc_zone_full_clear
zone_full_clear_53,ZoneFullClear,53,1,100,100,UIAchievement_Name_zone_full_clear,UIAchievement_Desc_zone_full_clear
zone_full_clear_54,ZoneFullClear,54,1,100,100,UIAchievement_Name_zone_full_clear,UIAchievement_Desc_zone_full_clear
zone_full_clear_55,ZoneFullClear,55,1,100,100,UIAchievement_Name_zone_full_clear,UIAchievement_Desc_zone_full_clear
zone_full_clear_56,ZoneFullClear,56,1,100,100,UIAchievement_Name_zone_full_clear,UIAchievement_Desc_zone_full_clear
zone_full_clear_57,ZoneFullClear,57,1,100,100,UIAchievement_Name_zone_full_clear,UIAchievement_Desc_zone_full_clear
zone_full_clear_58,ZoneFullClear,58,1,100,100,UIAchievement_Name_zone_full_clear,UIAchievement_Desc_zone_full_clear
zone_full_clear_59,ZoneFullClear,59,1,100,100,UIAchievement_Name_zone_full_clear,UIAchievement_Desc_zone_full_clear
zone_full_clear_60,ZoneFullClear,60,1,100,100,UIAchievement_Name_zone_full_clear,UIAchievement_Desc_zone_full_clear
zone_full_clear_61,ZoneFullClear,61,1,110,110,UIAchievement_Name_zone_full_clear,UIAchievement_Desc_zone_full_clear
zone_full_clear_62,ZoneFullClear,62,1,110,110,UIAchievement_Name_zone_full_clear,UIAchievement_Desc_zone_full_clear
zone_full_clear_63,ZoneFullClear,63,1,110,110,UIAchievement_Name_zone_full_clear,UIAchievement_Desc_zone_full_clear
zone_full_clear_64,ZoneFullClear,64,1,110,110,UIAchievement_Name_zone_full_clear,UIAchievement_Desc_zone_full_clear
zone_full_clear_65,ZoneFullClear,65,1,110,110,UIAchievement_Name_zone_full_clear,UIAchievement_Desc_zone_full_clear
zone_full_clear_66,ZoneFullClear,66,1,110,110,UIAchievement_Name_zone_full_clear,UIAchievement_Desc_zone_full_clear
zone_full_clear_67,ZoneFullClear,67,1,110,110,UIAchievement_Name_zone_full_clear,UIAchievement_Desc_zone_full_clear
zone_full_clear_68,ZoneFullClear,68,1,110,110,UIAchievement_Name_zone_full_clear,UIAchievement_Desc_zone_full_clear
zone_full_clear_69,ZoneFullClear,69,1,110,110,UIAchievement_Name_zone_full_clear,UIAchievement_Desc_zone_full_clear
zone_full_clear_70,ZoneFullClear,70,1,110,110,UIAchievement_Name_zone_full_clear,UIAchievement_Desc_zone_full_clear
zone_full_clear_71,ZoneFullClear,71,1,120,120,UIAchievement_Name_zone_full_clear,UIAchievement_Desc_zone_full_clear
zone_full_clear_72,ZoneFullClear,72,1,120,120,UIAchievement_Name_zone_full_clear,UIAchievement_Desc_zone_full_clear
zone_full_clear_73,ZoneFullClear,73,1,120,120,UIAchievement_Name_zone_full_clear,UIAchievement_Desc_zone_full_clear
zone_full_clear_74,ZoneFullClear,74,1,120,120,UIAchievement_Name_zone_full_clear,UIAchievement_Desc_zone_full_clear
zone_full_clear_75,ZoneFullClear,75,1,120,120,UIAchievement_Name_zone_full_clear,UIAchievement_Desc_zone_full_clear
zone_full_clear_76,ZoneFullClear,76,1,120,120,UIAchievement_Name_zone_full_clear,UIAchievement_Desc_zone_full_clear
zone_full_clear_77,ZoneFullClear,77,1,120,120,UIAchievement_Name_zone_full_clear,UIAchievement_Desc_zone_full_clear
zone_full_clear_78,ZoneFullClear,78,1,120,120,UIAchievement_Name_zone_full_clear,UIAchievement_Desc_zone_full_clear
zone_full_clear_79,ZoneFullClear,79,1,120,120,UIAchievement_Name_zone_full_clear,UIAchievement_Desc_zone_full_clear
zone_full_clear_80,ZoneFullClear,80,1,120,120,UIAchievement_Name_zone_full_clear,UIAchievement_Desc_zone_full_clear
zone_full_clear_81,ZoneFullClear,81,1,130,130,UIAchievement_Name_zone_full_clear,UIAchievement_Desc_zone_full_clear
zone_full_clear_82,ZoneFullClear,82,1,130,130,UIAchievement_Name_zone_full_clear,UIAchievement_Desc_zone_full_clear
zone_full_clear_83,ZoneFullClear,83,1,130,130,UIAchievement_Name_zone_full_clear,UIAchievement_Desc_zone_full_clear
zone_full_clear_84,ZoneFullClear,84,1,130,130,UIAchievement_Name_zone_full_clear,UIAchievement_Desc_zone_full_clear
zone_full_clear_85,ZoneFullClear,85,1,130,130,UIAchievement_Name_zone_full_clear,UIAchievement_Desc_zone_full_clear
zone_full_clear_86,ZoneFullClear,86,1,130,130,UIAchievement_Name_zone_full_clear,UIAchievement_Desc_zone_full_clear
zone_full_clear_87,ZoneFullClear,87,1,130,130,UIAchievement_Name_zone_full_clear,UIAchievement_Desc_zone_full_clear
zone_full_clear_88,ZoneFullClear,88,1,130,130,UIAchievement_Name_zone_full_clear,UIAchievement_Desc_zone_full_clear
zone_full_clear_89,ZoneFullClear,89,1,130,130,UIAchievement_Name_zone_full_clear,UIAchievement_Desc_zone_full_clear
zone_full_clear_90,ZoneFullClear,90,1,130,130,UIAchievement_Name_zone_full_clear,UIAchievement_Desc_zone_full_clear
zone_full_clear_91,ZoneFullClear,91,1,140,140,UIAchievement_Name_zone_full_clear,UIAchievement_Desc_zone_full_clear
zone_full_clear_92,ZoneFullClear,92,1,140,140,UIAchievement_Name_zone_full_clear,UIAchievement_Desc_zone_full_clear
zone_full_clear_93,ZoneFullClear,93,1,140,140,UIAchievement_Name_zone_full_clear,UIAchievement_Desc_zone_full_clear
zone_full_clear_94,ZoneFullClear,94,1,140,140,UIAchievement_Name_zone_full_clear,UIAchievement_Desc_zone_full_clear
zone_full_clear_95,ZoneFullClear,95,1,140,140,UIAchievement_Name_zone_full_clear,UIAchievement_Desc_zone_full_clear
zone_full_clear_96,ZoneFullClear,96,1,140,140,UIAchievement_Name_zone_full_clear,UIAchievement_Desc_zone_full_clear
zone_full_clear_97,ZoneFullClear,97,1,140,140,UIAchievement_Name_zone_full_clear,UIAchievement_Desc_zone_full_clear
zone_full_clear_98,ZoneFullClear,98,1,140,140,UIAchievement_Name_zone_full_clear,UIAchievement_Desc_zone_full_clear
zone_full_clear_99,ZoneFullClear,99,1,140,140,UIAchievement_Name_zone_full_clear,UIAchievement_Desc_zone_full_clear
zone_full_clear_100,ZoneFullClear,100,1,140,140,UIAchievement_Name_zone_full_clear,UIAchievement_Desc_zone_full_clear
commander_level_5,CommanderLevel,,5,20,20,UIAchievement_Name_commander_level,UIAchievement_Desc_commander_level
commander_level_10,CommanderLevel,,10,30,30,UIAchievement_Name_commander_level,UIAchievement_Desc_commander_level
commander_level_15,CommanderLevel,,15,40,40,UIAchievement_Name_commander_level,UIAchievement_Desc_commander_level
commander_level_20,CommanderLevel,,20,50,50,UIAchievement_Name_commander_level,UIAchievement_Desc_commander_level
commander_level_25,CommanderLevel,,25,60,60,UIAchievement_Name_commander_level,UIAchievement_Desc_commander_level
commander_level_30,CommanderLevel,,30,70,70,UIAchievement_Name_commander_level,UIAchievement_Desc_commander_level
commander_level_35,CommanderLevel,,35,80,80,UIAchievement_Name_commander_level,UIAchievement_Desc_commander_level
commander_level_40,CommanderLevel,,40,90,90,UIAchievement_Name_commander_level,UIAchievement_Desc_commander_level
commander_level_45,CommanderLevel,,45,100,100,UIAchievement_Name_commander_level,UIAchievement_Desc_commander_level
commander_level_50,CommanderLevel,,50,100,100,UIAchievement_Name_commander_level,UIAchievement_Desc_commander_level
commander_level_55,CommanderLevel,,55,100,100,UIAchievement_Name_commander_level,UIAchievement_Desc_commander_level
commander_level_60,CommanderLevel,,60,100,100,UIAchievement_Name_commander_level,UIAchievement_Desc_commander_level
commander_level_65,CommanderLevel,,65,100,100,UIAchievement_Name_commander_level,UIAchievement_Desc_commander_level
commander_level_70,CommanderLevel,,70,100,100,UIAchievement_Name_commander_level,UIAchievement_Desc_commander_level
commander_level_75,CommanderLevel,,75,100,100,UIAchievement_Name_commander_level,UIAchievement_Desc_commander_level
commander_level_80,CommanderLevel,,80,100,100,UIAchievement_Name_commander_level,UIAchievement_Desc_commander_level
commander_level_85,CommanderLevel,,85,100,100,UIAchievement_Name_commander_level,UIAchievement_Desc_commander_level
commander_level_90,CommanderLevel,,90,100,100,UIAchievement_Name_commander_level,UIAchievement_Desc_commander_level
commander_level_95,CommanderLevel,,95,100,100,UIAchievement_Name_commander_level,UIAchievement_Desc_commander_level
commander_level_100,CommanderLevel,,100,100,100,UIAchievement_Name_commander_level,UIAchievement_Desc_commander_level
command_power_500,CommandPower,,500,50,50,UIAchievement_Name_command_power,UIAchievement_Desc_command_power
command_power_1000,CommandPower,,1000,50,50,UIAchievement_Name_command_power,UIAchievement_Desc_command_power
command_power_2000,CommandPower,,2000,50,50,UIAchievement_Name_command_power,UIAchievement_Desc_command_power
command_power_3000,CommandPower,,3000,50,50,UIAchievement_Name_command_power,UIAchievement_Desc_command_power
command_power_4000,CommandPower,,4000,50,50,UIAchievement_Name_command_power,UIAchievement_Desc_command_power
command_power_5000,CommandPower,,5000,50,50,UIAchievement_Name_command_power,UIAchievement_Desc_command_power
command_power_6000,CommandPower,,6000,50,50,UIAchievement_Name_command_power,UIAchievement_Desc_command_power
command_power_7000,CommandPower,,7000,50,50,UIAchievement_Name_command_power,UIAchievement_Desc_command_power
command_power_8000,CommandPower,,8000,50,50,UIAchievement_Name_command_power,UIAchievement_Desc_command_power
command_power_9000,CommandPower,,9000,50,50,UIAchievement_Name_command_power,UIAchievement_Desc_command_power
command_power_10000,CommandPower,,10000,50,50,UIAchievement_Name_command_power,UIAchievement_Desc_command_power
command_power_20000,CommandPower,,20000,100,100,UIAchievement_Name_command_power,UIAchievement_Desc_command_power
command_power_30000,CommandPower,,30000,100,100,UIAchievement_Name_command_power,UIAchievement_Desc_command_power
command_power_40000,CommandPower,,40000,100,100,UIAchievement_Name_command_power,UIAchievement_Desc_command_power
command_power_50000,CommandPower,,50000,100,100,UIAchievement_Name_command_power,UIAchievement_Desc_command_power
command_power_60000,CommandPower,,60000,100,100,UIAchievement_Name_command_power,UIAchievement_Desc_command_power
command_power_70000,CommandPower,,70000,100,100,UIAchievement_Name_command_power,UIAchievement_Desc_command_power
command_power_80000,CommandPower,,80000,100,100,UIAchievement_Name_command_power,UIAchievement_Desc_command_power
command_power_90000,CommandPower,,90000,100,100,UIAchievement_Name_command_power,UIAchievement_Desc_command_power
command_power_100000,CommandPower,,100000,100,100,UIAchievement_Name_command_power,UIAchievement_Desc_command_power
command_power_200000,CommandPower,,200000,200,200,UIAchievement_Name_command_power,UIAchievement_Desc_command_power
command_power_300000,CommandPower,,300000,200,200,UIAchievement_Name_command_power,UIAchievement_Desc_command_power
command_power_400000,CommandPower,,400000,200,200,UIAchievement_Name_command_power,UIAchievement_Desc_command_power
command_power_500000,CommandPower,,500000,200,200,UIAchievement_Name_command_power,UIAchievement_Desc_command_power
command_power_600000,CommandPower,,600000,200,200,UIAchievement_Name_command_power,UIAchievement_Desc_command_power
command_power_700000,CommandPower,,700000,200,200,UIAchievement_Name_command_power,UIAchievement_Desc_command_power
command_power_800000,CommandPower,,800000,200,200,UIAchievement_Name_command_power,UIAchievement_Desc_command_power
command_power_900000,CommandPower,,900000,200,200,UIAchievement_Name_command_power,UIAchievement_Desc_command_power
command_power_1000000,CommandPower,,1000000,200,200,UIAchievement_Name_command_power,UIAchievement_Desc_command_power
tactic_power_2000,TacticPower,,2000,50,50,UIAchievement_Name_tactic_power,UIAchievement_Desc_tactic_power
tactic_power_3000,TacticPower,,3000,50,50,UIAchievement_Name_tactic_power,UIAchievement_Desc_tactic_power
tactic_power_4000,TacticPower,,4000,50,50,UIAchievement_Name_tactic_power,UIAchievement_Desc_tactic_power
tactic_power_5000,TacticPower,,5000,50,50,UIAchievement_Name_tactic_power,UIAchievement_Desc_tactic_power
tactic_power_6000,TacticPower,,6000,50,50,UIAchievement_Name_tactic_power,UIAchievement_Desc_tactic_power
tactic_power_7000,TacticPower,,7000,50,50,UIAchievement_Name_tactic_power,UIAchievement_Desc_tactic_power
tactic_power_8000,TacticPower,,8000,50,50,UIAchievement_Name_tactic_power,UIAchievement_Desc_tactic_power
tactic_power_9000,TacticPower,,9000,50,50,UIAchievement_Name_tactic_power,UIAchievement_Desc_tactic_power
tactic_power_10000,TacticPower,,10000,50,50,UIAchievement_Name_tactic_power,UIAchievement_Desc_tactic_power
tactic_power_20000,TacticPower,,20000,100,100,UIAchievement_Name_tactic_power,UIAchievement_Desc_tactic_power
tactic_power_30000,TacticPower,,30000,100,100,UIAchievement_Name_tactic_power,UIAchievement_Desc_tactic_power
tactic_power_40000,TacticPower,,40000,100,100,UIAchievement_Name_tactic_power,UIAchievement_Desc_tactic_power
tactic_power_50000,TacticPower,,50000,100,100,UIAchievement_Name_tactic_power,UIAchievement_Desc_tactic_power
tactic_power_60000,TacticPower,,60000,100,100,UIAchievement_Name_tactic_power,UIAchievement_Desc_tactic_power
tactic_power_70000,TacticPower,,70000,100,100,UIAchievement_Name_tactic_power,UIAchievement_Desc_tactic_power
tactic_power_80000,TacticPower,,80000,100,100,UIAchievement_Name_tactic_power,UIAchievement_Desc_tactic_power
tactic_power_90000,TacticPower,,90000,100,100,UIAchievement_Name_tactic_power,UIAchievement_Desc_tactic_power
tactic_power_100000,TacticPower,,100000,100,100,UIAchievement_Name_tactic_power,UIAchievement_Desc_tactic_power
tactic_power_200000,TacticPower,,200000,200,200,UIAchievement_Name_tactic_power,UIAchievement_Desc_tactic_power
tactic_power_300000,TacticPower,,300000,200,200,UIAchievement_Name_tactic_power,UIAchievement_Desc_tactic_power
tactic_power_400000,TacticPower,,400000,200,200,UIAchievement_Name_tactic_power,UIAchievement_Desc_tactic_power
tactic_power_500000,TacticPower,,500000,200,200,UIAchievement_Name_tactic_power,UIAchievement_Desc_tactic_power
tactic_power_600000,TacticPower,,600000,200,200,UIAchievement_Name_tactic_power,UIAchievement_Desc_tactic_power
tactic_power_700000,TacticPower,,700000,200,200,UIAchievement_Name_tactic_power,UIAchievement_Desc_tactic_power
tactic_power_800000,TacticPower,,800000,200,200,UIAchievement_Name_tactic_power,UIAchievement_Desc_tactic_power
tactic_power_900000,TacticPower,,900000,200,200,UIAchievement_Name_tactic_power,UIAchievement_Desc_tactic_power
tactic_power_1000000,TacticPower,,1000000,200,200,UIAchievement_Name_tactic_power,UIAchievement_Desc_tactic_power
exploration_point_total_1000,ExplorationPointTotal,,1000,50,50,UIAchievement_Name_exploration_point_total,UIAchievement_Desc_exploration_point_total
exploration_point_total_2000,ExplorationPointTotal,,2000,50,50,UIAchievement_Name_exploration_point_total,UIAchievement_Desc_exploration_point_total
exploration_point_total_3000,ExplorationPointTotal,,3000,50,50,UIAchievement_Name_exploration_point_total,UIAchievement_Desc_exploration_point_total
exploration_point_total_4000,ExplorationPointTotal,,4000,50,50,UIAchievement_Name_exploration_point_total,UIAchievement_Desc_exploration_point_total
exploration_point_total_5000,ExplorationPointTotal,,5000,50,50,UIAchievement_Name_exploration_point_total,UIAchievement_Desc_exploration_point_total
exploration_point_total_6000,ExplorationPointTotal,,6000,50,50,UIAchievement_Name_exploration_point_total,UIAchievement_Desc_exploration_point_total
exploration_point_total_7000,ExplorationPointTotal,,7000,50,50,UIAchievement_Name_exploration_point_total,UIAchievement_Desc_exploration_point_total
exploration_point_total_8000,ExplorationPointTotal,,8000,50,50,UIAchievement_Name_exploration_point_total,UIAchievement_Desc_exploration_point_total
exploration_point_total_9000,ExplorationPointTotal,,9000,50,50,UIAchievement_Name_exploration_point_total,UIAchievement_Desc_exploration_point_total
exploration_point_total_10000,ExplorationPointTotal,,10000,50,50,UIAchievement_Name_exploration_point_total,UIAchievement_Desc_exploration_point_total
exploration_point_total_20000,ExplorationPointTotal,,20000,100,100,UIAchievement_Name_exploration_point_total,UIAchievement_Desc_exploration_point_total
exploration_point_total_30000,ExplorationPointTotal,,30000,100,100,UIAchievement_Name_exploration_point_total,UIAchievement_Desc_exploration_point_total
exploration_point_total_40000,ExplorationPointTotal,,40000,100,100,UIAchievement_Name_exploration_point_total,UIAchievement_Desc_exploration_point_total
exploration_point_total_50000,ExplorationPointTotal,,50000,100,100,UIAchievement_Name_exploration_point_total,UIAchievement_Desc_exploration_point_total
exploration_point_total_60000,ExplorationPointTotal,,60000,100,100,UIAchievement_Name_exploration_point_total,UIAchievement_Desc_exploration_point_total
exploration_point_total_70000,ExplorationPointTotal,,70000,100,100,UIAchievement_Name_exploration_point_total,UIAchievement_Desc_exploration_point_total
exploration_point_total_80000,ExplorationPointTotal,,80000,100,100,UIAchievement_Name_exploration_point_total,UIAchievement_Desc_exploration_point_total
exploration_point_total_90000,ExplorationPointTotal,,90000,100,100,UIAchievement_Name_exploration_point_total,UIAchievement_Desc_exploration_point_total
exploration_point_total_100000,ExplorationPointTotal,,100000,200,200,UIAchievement_Name_exploration_point_total,UIAchievement_Desc_exploration_point_total
exploration_point_total_200000,ExplorationPointTotal,,200000,200,200,UIAchievement_Name_exploration_point_total,UIAchievement_Desc_exploration_point_total
exploration_point_total_300000,ExplorationPointTotal,,300000,200,200,UIAchievement_Name_exploration_point_total,UIAchievement_Desc_exploration_point_total
exploration_point_total_400000,ExplorationPointTotal,,400000,200,200,UIAchievement_Name_exploration_point_total,UIAchievement_Desc_exploration_point_total
exploration_point_total_500000,ExplorationPointTotal,,500000,200,200,UIAchievement_Name_exploration_point_total,UIAchievement_Desc_exploration_point_total
exploration_point_total_600000,ExplorationPointTotal,,600000,200,200,UIAchievement_Name_exploration_point_total,UIAchievement_Desc_exploration_point_total
exploration_point_total_700000,ExplorationPointTotal,,700000,200,200,UIAchievement_Name_exploration_point_total,UIAchievement_Desc_exploration_point_total
exploration_point_total_800000,ExplorationPointTotal,,800000,200,200,UIAchievement_Name_exploration_point_total,UIAchievement_Desc_exploration_point_total
exploration_point_total_900000,ExplorationPointTotal,,900000,200,200,UIAchievement_Name_exploration_point_total,UIAchievement_Desc_exploration_point_total
exploration_point_total_1000000,ExplorationPointTotal,,1000000,200,200,UIAchievement_Name_exploration_point_total,UIAchievement_Desc_exploration_point_total
,,,,,,,
,,,,,,,
,,,,,,,
,,,,,,,
,,,,,,,
,,,,,,,
,,,,,,,
,,,,,,,
,,,,,,,
,,,,,,,
,,,,,,,
hull_tier4_count_1,HullTierCount,4,1,10,10,UIAchievement_Name_hull_tier_count,UIAchievement_Desc_hull_tier_count
hull_tier4_count_2,HullTierCount,4,2,10,10,UIAchievement_Name_hull_tier_count,UIAchievement_Desc_hull_tier_count
hull_tier4_count_3,HullTierCount,4,3,10,10,UIAchievement_Name_hull_tier_count,UIAchievement_Desc_hull_tier_count
hull_tier5_count_1,HullTierCount,5,1,20,20,UIAchievement_Name_hull_tier_count,UIAchievement_Desc_hull_tier_count
hull_tier5_count_2,HullTierCount,5,2,20,20,UIAchievement_Name_hull_tier_count,UIAchievement_Desc_hull_tier_count
hull_tier5_count_3,HullTierCount,5,3,20,20,UIAchievement_Name_hull_tier_count,UIAchievement_Desc_hull_tier_count
hull_tier6_count_1,HullTierCount,6,1,30,30,UIAchievement_Name_hull_tier_count,UIAchievement_Desc_hull_tier_count
hull_tier6_count_2,HullTierCount,6,2,30,30,UIAchievement_Name_hull_tier_count,UIAchievement_Desc_hull_tier_count
hull_tier6_count_3,HullTierCount,6,3,30,30,UIAchievement_Name_hull_tier_count,UIAchievement_Desc_hull_tier_count
hull_tier7_count_1,HullTierCount,7,1,40,40,UIAchievement_Name_hull_tier_count,UIAchievement_Desc_hull_tier_count
hull_tier7_count_2,HullTierCount,7,2,40,40,UIAchievement_Name_hull_tier_count,UIAchievement_Desc_hull_tier_count
hull_tier7_count_3,HullTierCount,7,3,40,40,UIAchievement_Name_hull_tier_count,UIAchievement_Desc_hull_tier_count
hull_tier8_count_1,HullTierCount,8,1,50,50,UIAchievement_Name_hull_tier_count,UIAchievement_Desc_hull_tier_count
hull_tier8_count_2,HullTierCount,8,2,50,50,UIAchievement_Name_hull_tier_count,UIAchievement_Desc_hull_tier_count
hull_tier8_count_3,HullTierCount,8,3,50,50,UIAchievement_Name_hull_tier_count,UIAchievement_Desc_hull_tier_count
hull_tier9_count_1,HullTierCount,9,1,60,60,UIAchievement_Name_hull_tier_count,UIAchievement_Desc_hull_tier_count
hull_tier9_count_2,HullTierCount,9,2,60,60,UIAchievement_Name_hull_tier_count,UIAchievement_Desc_hull_tier_count
hull_tier9_count_3,HullTierCount,9,3,60,60,UIAchievement_Name_hull_tier_count,UIAchievement_Desc_hull_tier_count
hull_tier10_count_1,HullTierCount,10,1,70,70,UIAchievement_Name_hull_tier_count,UIAchievement_Desc_hull_tier_count
hull_tier10_count_2,HullTierCount,10,2,70,70,UIAchievement_Name_hull_tier_count,UIAchievement_Desc_hull_tier_count
hull_tier10_count_3,HullTierCount,10,3,70,70,UIAchievement_Name_hull_tier_count,UIAchievement_Desc_hull_tier_count
hull_tier11_count_1,HullTierCount,11,1,80,80,UIAchievement_Name_hull_tier_count,UIAchievement_Desc_hull_tier_count
hull_tier11_count_2,HullTierCount,11,2,80,80,UIAchievement_Name_hull_tier_count,UIAchievement_Desc_hull_tier_count
hull_tier11_count_3,HullTierCount,11,3,80,80,UIAchievement_Name_hull_tier_count,UIAchievement_Desc_hull_tier_count
hull_tier12_count_1,HullTierCount,12,1,90,90,UIAchievement_Name_hull_tier_count,UIAchievement_Desc_hull_tier_count
hull_tier12_count_2,HullTierCount,12,2,90,90,UIAchievement_Name_hull_tier_count,UIAchievement_Desc_hull_tier_count
hull_tier12_count_3,HullTierCount,12,3,90,90,UIAchievement_Name_hull_tier_count,UIAchievement_Desc_hull_tier_count
hull_tier13_count_1,HullTierCount,13,1,100,100,UIAchievement_Name_hull_tier_count,UIAchievement_Desc_hull_tier_count
hull_tier13_count_2,HullTierCount,13,2,100,100,UIAchievement_Name_hull_tier_count,UIAchievement_Desc_hull_tier_count
hull_tier13_count_3,HullTierCount,13,3,100,100,UIAchievement_Name_hull_tier_count,UIAchievement_Desc_hull_tier_count
hull_tier14_count_1,HullTierCount,14,1,100,100,UIAchievement_Name_hull_tier_count,UIAchievement_Desc_hull_tier_count
hull_tier14_count_2,HullTierCount,14,2,100,100,UIAchievement_Name_hull_tier_count,UIAchievement_Desc_hull_tier_count
hull_tier14_count_3,HullTierCount,14,3,100,100,UIAchievement_Name_hull_tier_count,UIAchievement_Desc_hull_tier_count
module_beam_tier2_count_1,ModuleTierCount,beam_2,1,10,10,UIAchievement_Name_module_tier_count,UIAchievement_Desc_module_tier_count
module_beam_tier2_count_2,ModuleTierCount,beam_2,2,10,10,UIAchievement_Name_module_tier_count,UIAchievement_Desc_module_tier_count
module_beam_tier2_count_3,ModuleTierCount,beam_2,3,10,10,UIAchievement_Name_module_tier_count,UIAchievement_Desc_module_tier_count
module_beam_tier3_count_1,ModuleTierCount,beam_3,1,10,10,UIAchievement_Name_module_tier_count,UIAchievement_Desc_module_tier_count
module_beam_tier3_count_2,ModuleTierCount,beam_3,2,10,10,UIAchievement_Name_module_tier_count,UIAchievement_Desc_module_tier_count
module_beam_tier3_count_3,ModuleTierCount,beam_3,3,10,10,UIAchievement_Name_module_tier_count,UIAchievement_Desc_module_tier_count
module_beam_tier4_count_1,ModuleTierCount,beam_4,1,10,10,UIAchievement_Name_module_tier_count,UIAchievement_Desc_module_tier_count
module_beam_tier4_count_2,ModuleTierCount,beam_4,2,10,10,UIAchievement_Name_module_tier_count,UIAchievement_Desc_module_tier_count
module_beam_tier4_count_3,ModuleTierCount,beam_4,3,10,10,UIAchievement_Name_module_tier_count,UIAchievement_Desc_module_tier_count
module_beam_tier5_count_1,ModuleTierCount,beam_5,1,20,20,UIAchievement_Name_module_tier_count,UIAchievement_Desc_module_tier_count
module_beam_tier5_count_2,ModuleTierCount,beam_5,2,20,20,UIAchievement_Name_module_tier_count,UIAchievement_Desc_module_tier_count
module_beam_tier5_count_3,ModuleTierCount,beam_5,3,20,20,UIAchievement_Name_module_tier_count,UIAchievement_Desc_module_tier_count
module_beam_tier6_count_1,ModuleTierCount,beam_6,1,30,30,UIAchievement_Name_module_tier_count,UIAchievement_Desc_module_tier_count
module_beam_tier6_count_2,ModuleTierCount,beam_6,2,30,30,UIAchievement_Name_module_tier_count,UIAchievement_Desc_module_tier_count
module_beam_tier6_count_3,ModuleTierCount,beam_6,3,30,30,UIAchievement_Name_module_tier_count,UIAchievement_Desc_module_tier_count
module_beam_tier7_count_1,ModuleTierCount,beam_7,1,40,40,UIAchievement_Name_module_tier_count,UIAchievement_Desc_module_tier_count
module_beam_tier7_count_2,ModuleTierCount,beam_7,2,40,40,UIAchievement_Name_module_tier_count,UIAchievement_Desc_module_tier_count
module_beam_tier7_count_3,ModuleTierCount,beam_7,3,40,40,UIAchievement_Name_module_tier_count,UIAchievement_Desc_module_tier_count
module_beam_tier8_count_1,ModuleTierCount,beam_8,1,50,50,UIAchievement_Name_module_tier_count,UIAchievement_Desc_module_tier_count
module_beam_tier8_count_2,ModuleTierCount,beam_8,2,50,50,UIAchievement_Name_module_tier_count,UIAchievement_Desc_module_tier_count
module_beam_tier8_count_3,ModuleTierCount,beam_8,3,50,50,UIAchievement_Name_module_tier_count,UIAchievement_Desc_module_tier_count
module_beam_tier9_count_1,ModuleTierCount,beam_9,1,60,60,UIAchievement_Name_module_tier_count,UIAchievement_Desc_module_tier_count
module_beam_tier9_count_2,ModuleTierCount,beam_9,2,60,60,UIAchievement_Name_module_tier_count,UIAchievement_Desc_module_tier_count
module_beam_tier9_count_3,ModuleTierCount,beam_9,3,60,60,UIAchievement_Name_module_tier_count,UIAchievement_Desc_module_tier_count
module_beam_tier10_count_1,ModuleTierCount,beam_10,1,70,70,UIAchievement_Name_module_tier_count,UIAchievement_Desc_module_tier_count
module_beam_tier10_count_2,ModuleTierCount,beam_10,2,70,70,UIAchievement_Name_module_tier_count,UIAchievement_Desc_module_tier_count
module_beam_tier10_count_3,ModuleTierCount,beam_10,3,70,70,UIAchievement_Name_module_tier_count,UIAchievement_Desc_module_tier_count
module_beam_tier11_count_1,ModuleTierCount,beam_11,1,80,80,UIAchievement_Name_module_tier_count,UIAchievement_Desc_module_tier_count
module_beam_tier11_count_2,ModuleTierCount,beam_11,2,80,80,UIAchievement_Name_module_tier_count,UIAchievement_Desc_module_tier_count
module_beam_tier11_count_3,ModuleTierCount,beam_11,3,80,80,UIAchievement_Name_module_tier_count,UIAchievement_Desc_module_tier_count
module_beam_tier12_count_1,ModuleTierCount,beam_12,1,90,90,UIAchievement_Name_module_tier_count,UIAchievement_Desc_module_tier_count
module_beam_tier12_count_2,ModuleTierCount,beam_12,2,90,90,UIAchievement_Name_module_tier_count,UIAchievement_Desc_module_tier_count
module_beam_tier12_count_3,ModuleTierCount,beam_12,3,90,90,UIAchievement_Name_module_tier_count,UIAchievement_Desc_module_tier_count
module_beam_tier13_count_1,ModuleTierCount,beam_13,1,100,100,UIAchievement_Name_module_tier_count,UIAchievement_Desc_module_tier_count
module_beam_tier13_count_2,ModuleTierCount,beam_13,2,100,100,UIAchievement_Name_module_tier_count,UIAchievement_Desc_module_tier_count
module_beam_tier13_count_3,ModuleTierCount,beam_13,3,100,100,UIAchievement_Name_module_tier_count,UIAchievement_Desc_module_tier_count
module_beam_tier14_count_1,ModuleTierCount,beam_14,1,100,100,UIAchievement_Name_module_tier_count,UIAchievement_Desc_module_tier_count
module_beam_tier14_count_2,ModuleTierCount,beam_14,2,100,100,UIAchievement_Name_module_tier_count,UIAchievement_Desc_module_tier_count
module_beam_tier14_count_3,ModuleTierCount,beam_14,3,100,100,UIAchievement_Name_module_tier_count,UIAchievement_Desc_module_tier_count
module_missile_tier2_count_1,ModuleTierCount,missile_2,1,10,10,UIAchievement_Name_module_tier_count,UIAchievement_Desc_module_tier_count
module_missile_tier2_count_2,ModuleTierCount,missile_2,2,10,10,UIAchievement_Name_module_tier_count,UIAchievement_Desc_module_tier_count
module_missile_tier2_count_3,ModuleTierCount,missile_2,3,10,10,UIAchievement_Name_module_tier_count,UIAchievement_Desc_module_tier_count
module_missile_tier3_count_1,ModuleTierCount,missile_3,1,10,10,UIAchievement_Name_module_tier_count,UIAchievement_Desc_module_tier_count
module_missile_tier3_count_2,ModuleTierCount,missile_3,2,10,10,UIAchievement_Name_module_tier_count,UIAchievement_Desc_module_tier_count
module_missile_tier3_count_3,ModuleTierCount,missile_3,3,10,10,UIAchievement_Name_module_tier_count,UIAchievement_Desc_module_tier_count
module_missile_tier4_count_1,ModuleTierCount,missile_4,1,10,10,UIAchievement_Name_module_tier_count,UIAchievement_Desc_module_tier_count
module_missile_tier4_count_2,ModuleTierCount,missile_4,2,10,10,UIAchievement_Name_module_tier_count,UIAchievement_Desc_module_tier_count
module_missile_tier4_count_3,ModuleTierCount,missile_4,3,10,10,UIAchievement_Name_module_tier_count,UIAchievement_Desc_module_tier_count
module_missile_tier5_count_1,ModuleTierCount,missile_5,1,20,20,UIAchievement_Name_module_tier_count,UIAchievement_Desc_module_tier_count
module_missile_tier5_count_2,ModuleTierCount,missile_5,2,20,20,UIAchievement_Name_module_tier_count,UIAchievement_Desc_module_tier_count
module_missile_tier5_count_3,ModuleTierCount,missile_5,3,20,20,UIAchievement_Name_module_tier_count,UIAchievement_Desc_module_tier_count
module_missile_tier6_count_1,ModuleTierCount,missile_6,1,30,30,UIAchievement_Name_module_tier_count,UIAchievement_Desc_module_tier_count
module_missile_tier6_count_2,ModuleTierCount,missile_6,2,30,30,UIAchievement_Name_module_tier_count,UIAchievement_Desc_module_tier_count
module_missile_tier6_count_3,ModuleTierCount,missile_6,3,30,30,UIAchievement_Name_module_tier_count,UIAchievement_Desc_module_tier_count
module_missile_tier7_count_1,ModuleTierCount,missile_7,1,40,40,UIAchievement_Name_module_tier_count,UIAchievement_Desc_module_tier_count
module_missile_tier7_count_2,ModuleTierCount,missile_7,2,40,40,UIAchievement_Name_module_tier_count,UIAchievement_Desc_module_tier_count
module_missile_tier7_count_3,ModuleTierCount,missile_7,3,40,40,UIAchievement_Name_module_tier_count,UIAchievement_Desc_module_tier_count
module_missile_tier8_count_1,ModuleTierCount,missile_8,1,50,50,UIAchievement_Name_module_tier_count,UIAchievement_Desc_module_tier_count
module_missile_tier8_count_2,ModuleTierCount,missile_8,2,50,50,UIAchievement_Name_module_tier_count,UIAchievement_Desc_module_tier_count
module_missile_tier8_count_3,ModuleTierCount,missile_8,3,50,50,UIAchievement_Name_module_tier_count,UIAchievement_Desc_module_tier_count
module_missile_tier9_count_1,ModuleTierCount,missile_9,1,60,60,UIAchievement_Name_module_tier_count,UIAchievement_Desc_module_tier_count
module_missile_tier9_count_2,ModuleTierCount,missile_9,2,60,60,UIAchievement_Name_module_tier_count,UIAchievement_Desc_module_tier_count
module_missile_tier9_count_3,ModuleTierCount,missile_9,3,60,60,UIAchievement_Name_module_tier_count,UIAchievement_Desc_module_tier_count
module_missile_tier10_count_1,ModuleTierCount,missile_10,1,70,70,UIAchievement_Name_module_tier_count,UIAchievement_Desc_module_tier_count
module_missile_tier10_count_2,ModuleTierCount,missile_10,2,70,70,UIAchievement_Name_module_tier_count,UIAchievement_Desc_module_tier_count
module_missile_tier10_count_3,ModuleTierCount,missile_10,3,70,70,UIAchievement_Name_module_tier_count,UIAchievement_Desc_module_tier_count
module_missile_tier11_count_1,ModuleTierCount,missile_11,1,80,80,UIAchievement_Name_module_tier_count,UIAchievement_Desc_module_tier_count
module_missile_tier11_count_2,ModuleTierCount,missile_11,2,80,80,UIAchievement_Name_module_tier_count,UIAchievement_Desc_module_tier_count
module_missile_tier11_count_3,ModuleTierCount,missile_11,3,80,80,UIAchievement_Name_module_tier_count,UIAchievement_Desc_module_tier_count
module_missile_tier12_count_1,ModuleTierCount,missile_12,1,90,90,UIAchievement_Name_module_tier_count,UIAchievement_Desc_module_tier_count
module_missile_tier12_count_2,ModuleTierCount,missile_12,2,90,90,UIAchievement_Name_module_tier_count,UIAchievement_Desc_module_tier_count
module_missile_tier12_count_3,ModuleTierCount,missile_12,3,90,90,UIAchievement_Name_module_tier_count,UIAchievement_Desc_module_tier_count
module_missile_tier13_count_1,ModuleTierCount,missile_13,1,100,100,UIAchievement_Name_module_tier_count,UIAchievement_Desc_module_tier_count
module_missile_tier13_count_2,ModuleTierCount,missile_13,2,100,100,UIAchievement_Name_module_tier_count,UIAchievement_Desc_module_tier_count
module_missile_tier13_count_3,ModuleTierCount,missile_13,3,100,100,UIAchievement_Name_module_tier_count,UIAchievement_Desc_module_tier_count
module_missile_tier14_count_1,ModuleTierCount,missile_14,1,100,100,UIAchievement_Name_module_tier_count,UIAchievement_Desc_module_tier_count
module_missile_tier14_count_2,ModuleTierCount,missile_14,2,100,100,UIAchievement_Name_module_tier_count,UIAchievement_Desc_module_tier_count
module_missile_tier14_count_3,ModuleTierCount,missile_14,3,100,100,UIAchievement_Name_module_tier_count,UIAchievement_Desc_module_tier_count
module_hangar_tier2_count_1,ModuleTierCount,hangar_2,1,10,10,UIAchievement_Name_module_tier_count,UIAchievement_Desc_module_tier_count
module_hangar_tier2_count_2,ModuleTierCount,hangar_2,2,10,10,UIAchievement_Name_module_tier_count,UIAchievement_Desc_module_tier_count
module_hangar_tier2_count_3,ModuleTierCount,hangar_2,3,10,10,UIAchievement_Name_module_tier_count,UIAchievement_Desc_module_tier_count
module_hangar_tier3_count_1,ModuleTierCount,hangar_3,1,10,10,UIAchievement_Name_module_tier_count,UIAchievement_Desc_module_tier_count
module_hangar_tier3_count_2,ModuleTierCount,hangar_3,2,10,10,UIAchievement_Name_module_tier_count,UIAchievement_Desc_module_tier_count
module_hangar_tier3_count_3,ModuleTierCount,hangar_3,3,10,10,UIAchievement_Name_module_tier_count,UIAchievement_Desc_module_tier_count
module_hangar_tier4_count_1,ModuleTierCount,hangar_4,1,10,10,UIAchievement_Name_module_tier_count,UIAchievement_Desc_module_tier_count
module_hangar_tier4_count_2,ModuleTierCount,hangar_4,2,10,10,UIAchievement_Name_module_tier_count,UIAchievement_Desc_module_tier_count
module_hangar_tier4_count_3,ModuleTierCount,hangar_4,3,10,10,UIAchievement_Name_module_tier_count,UIAchievement_Desc_module_tier_count
module_hangar_tier5_count_1,ModuleTierCount,hangar_5,1,20,20,UIAchievement_Name_module_tier_count,UIAchievement_Desc_module_tier_count
module_hangar_tier5_count_2,ModuleTierCount,hangar_5,2,20,20,UIAchievement_Name_module_tier_count,UIAchievement_Desc_module_tier_count
module_hangar_tier5_count_3,ModuleTierCount,hangar_5,3,20,20,UIAchievement_Name_module_tier_count,UIAchievement_Desc_module_tier_count
module_hangar_tier6_count_1,ModuleTierCount,hangar_6,1,30,30,UIAchievement_Name_module_tier_count,UIAchievement_Desc_module_tier_count
module_hangar_tier6_count_2,ModuleTierCount,hangar_6,2,30,30,UIAchievement_Name_module_tier_count,UIAchievement_Desc_module_tier_count
module_hangar_tier6_count_3,ModuleTierCount,hangar_6,3,30,30,UIAchievement_Name_module_tier_count,UIAchievement_Desc_module_tier_count
module_hangar_tier7_count_1,ModuleTierCount,hangar_7,1,40,40,UIAchievement_Name_module_tier_count,UIAchievement_Desc_module_tier_count
module_hangar_tier7_count_2,ModuleTierCount,hangar_7,2,40,40,UIAchievement_Name_module_tier_count,UIAchievement_Desc_module_tier_count
module_hangar_tier7_count_3,ModuleTierCount,hangar_7,3,40,40,UIAchievement_Name_module_tier_count,UIAchievement_Desc_module_tier_count
module_hangar_tier8_count_1,ModuleTierCount,hangar_8,1,50,50,UIAchievement_Name_module_tier_count,UIAchievement_Desc_module_tier_count
module_hangar_tier8_count_2,ModuleTierCount,hangar_8,2,50,50,UIAchievement_Name_module_tier_count,UIAchievement_Desc_module_tier_count
module_hangar_tier8_count_3,ModuleTierCount,hangar_8,3,50,50,UIAchievement_Name_module_tier_count,UIAchievement_Desc_module_tier_count
module_hangar_tier9_count_1,ModuleTierCount,hangar_9,1,60,60,UIAchievement_Name_module_tier_count,UIAchievement_Desc_module_tier_count
module_hangar_tier9_count_2,ModuleTierCount,hangar_9,2,60,60,UIAchievement_Name_module_tier_count,UIAchievement_Desc_module_tier_count
module_hangar_tier9_count_3,ModuleTierCount,hangar_9,3,60,60,UIAchievement_Name_module_tier_count,UIAchievement_Desc_module_tier_count
module_hangar_tier10_count_1,ModuleTierCount,hangar_10,1,70,70,UIAchievement_Name_module_tier_count,UIAchievement_Desc_module_tier_count
module_hangar_tier10_count_2,ModuleTierCount,hangar_10,2,70,70,UIAchievement_Name_module_tier_count,UIAchievement_Desc_module_tier_count
module_hangar_tier10_count_3,ModuleTierCount,hangar_10,3,70,70,UIAchievement_Name_module_tier_count,UIAchievement_Desc_module_tier_count
module_hangar_tier11_count_1,ModuleTierCount,hangar_11,1,80,80,UIAchievement_Name_module_tier_count,UIAchievement_Desc_module_tier_count
module_hangar_tier11_count_2,ModuleTierCount,hangar_11,2,80,80,UIAchievement_Name_module_tier_count,UIAchievement_Desc_module_tier_count
module_hangar_tier11_count_3,ModuleTierCount,hangar_11,3,80,80,UIAchievement_Name_module_tier_count,UIAchievement_Desc_module_tier_count
module_hangar_tier12_count_1,ModuleTierCount,hangar_12,1,90,90,UIAchievement_Name_module_tier_count,UIAchievement_Desc_module_tier_count
module_hangar_tier12_count_2,ModuleTierCount,hangar_12,2,90,90,UIAchievement_Name_module_tier_count,UIAchievement_Desc_module_tier_count
module_hangar_tier12_count_3,ModuleTierCount,hangar_12,3,90,90,UIAchievement_Name_module_tier_count,UIAchievement_Desc_module_tier_count
module_hangar_tier13_count_1,ModuleTierCount,hangar_13,1,100,100,UIAchievement_Name_module_tier_count,UIAchievement_Desc_module_tier_count
module_hangar_tier13_count_2,ModuleTierCount,hangar_13,2,100,100,UIAchievement_Name_module_tier_count,UIAchievement_Desc_module_tier_count
module_hangar_tier13_count_3,ModuleTierCount,hangar_13,3,100,100,UIAchievement_Name_module_tier_count,UIAchievement_Desc_module_tier_count
module_hangar_tier14_count_1,ModuleTierCount,hangar_14,1,100,100,UIAchievement_Name_module_tier_count,UIAchievement_Desc_module_tier_count
module_hangar_tier14_count_2,ModuleTierCount,hangar_14,2,100,100,UIAchievement_Name_module_tier_count,UIAchievement_Desc_module_tier_count
module_hangar_tier14_count_3,ModuleTierCount,hangar_14,3,100,100,UIAchievement_Name_module_tier_count,UIAchievement_Desc_module_tier_count
module_shield_tier2_count_1,ModuleTierCount,shield_2,1,10,10,UIAchievement_Name_module_tier_count,UIAchievement_Desc_module_tier_count
module_shield_tier2_count_2,ModuleTierCount,shield_2,2,10,10,UIAchievement_Name_module_tier_count,UIAchievement_Desc_module_tier_count
module_shield_tier2_count_3,ModuleTierCount,shield_2,3,10,10,UIAchievement_Name_module_tier_count,UIAchievement_Desc_module_tier_count
module_shield_tier3_count_1,ModuleTierCount,shield_3,1,10,10,UIAchievement_Name_module_tier_count,UIAchievement_Desc_module_tier_count
module_shield_tier3_count_2,ModuleTierCount,shield_3,2,10,10,UIAchievement_Name_module_tier_count,UIAchievement_Desc_module_tier_count
module_shield_tier3_count_3,ModuleTierCount,shield_3,3,10,10,UIAchievement_Name_module_tier_count,UIAchievement_Desc_module_tier_count
module_shield_tier4_count_1,ModuleTierCount,shield_4,1,10,10,UIAchievement_Name_module_tier_count,UIAchievement_Desc_module_tier_count
module_shield_tier4_count_2,ModuleTierCount,shield_4,2,10,10,UIAchievement_Name_module_tier_count,UIAchievement_Desc_module_tier_count
module_shield_tier4_count_3,ModuleTierCount,shield_4,3,10,10,UIAchievement_Name_module_tier_count,UIAchievement_Desc_module_tier_count
module_shield_tier5_count_1,ModuleTierCount,shield_5,1,20,20,UIAchievement_Name_module_tier_count,UIAchievement_Desc_module_tier_count
module_shield_tier5_count_2,ModuleTierCount,shield_5,2,20,20,UIAchievement_Name_module_tier_count,UIAchievement_Desc_module_tier_count
module_shield_tier5_count_3,ModuleTierCount,shield_5,3,20,20,UIAchievement_Name_module_tier_count,UIAchievement_Desc_module_tier_count
module_shield_tier6_count_1,ModuleTierCount,shield_6,1,30,30,UIAchievement_Name_module_tier_count,UIAchievement_Desc_module_tier_count
module_shield_tier6_count_2,ModuleTierCount,shield_6,2,30,30,UIAchievement_Name_module_tier_count,UIAchievement_Desc_module_tier_count
module_shield_tier6_count_3,ModuleTierCount,shield_6,3,30,30,UIAchievement_Name_module_tier_count,UIAchievement_Desc_module_tier_count
module_shield_tier7_count_1,ModuleTierCount,shield_7,1,40,40,UIAchievement_Name_module_tier_count,UIAchievement_Desc_module_tier_count
module_shield_tier7_count_2,ModuleTierCount,shield_7,2,40,40,UIAchievement_Name_module_tier_count,UIAchievement_Desc_module_tier_count
module_shield_tier7_count_3,ModuleTierCount,shield_7,3,40,40,UIAchievement_Name_module_tier_count,UIAchievement_Desc_module_tier_count
module_shield_tier8_count_1,ModuleTierCount,shield_8,1,50,50,UIAchievement_Name_module_tier_count,UIAchievement_Desc_module_tier_count
module_shield_tier8_count_2,ModuleTierCount,shield_8,2,50,50,UIAchievement_Name_module_tier_count,UIAchievement_Desc_module_tier_count
module_shield_tier8_count_3,ModuleTierCount,shield_8,3,50,50,UIAchievement_Name_module_tier_count,UIAchievement_Desc_module_tier_count
module_shield_tier9_count_1,ModuleTierCount,shield_9,1,60,60,UIAchievement_Name_module_tier_count,UIAchievement_Desc_module_tier_count
module_shield_tier9_count_2,ModuleTierCount,shield_9,2,60,60,UIAchievement_Name_module_tier_count,UIAchievement_Desc_module_tier_count
module_shield_tier9_count_3,ModuleTierCount,shield_9,3,60,60,UIAchievement_Name_module_tier_count,UIAchievement_Desc_module_tier_count
module_shield_tier10_count_1,ModuleTierCount,shield_10,1,70,70,UIAchievement_Name_module_tier_count,UIAchievement_Desc_module_tier_count
module_shield_tier10_count_2,ModuleTierCount,shield_10,2,70,70,UIAchievement_Name_module_tier_count,UIAchievement_Desc_module_tier_count
module_shield_tier10_count_3,ModuleTierCount,shield_10,3,70,70,UIAchievement_Name_module_tier_count,UIAchievement_Desc_module_tier_count
module_shield_tier11_count_1,ModuleTierCount,shield_11,1,80,80,UIAchievement_Name_module_tier_count,UIAchievement_Desc_module_tier_count
module_shield_tier11_count_2,ModuleTierCount,shield_11,2,80,80,UIAchievement_Name_module_tier_count,UIAchievement_Desc_module_tier_count
module_shield_tier11_count_3,ModuleTierCount,shield_11,3,80,80,UIAchievement_Name_module_tier_count,UIAchievement_Desc_module_tier_count
module_shield_tier12_count_1,ModuleTierCount,shield_12,1,90,90,UIAchievement_Name_module_tier_count,UIAchievement_Desc_module_tier_count
module_shield_tier12_count_2,ModuleTierCount,shield_12,2,90,90,UIAchievement_Name_module_tier_count,UIAchievement_Desc_module_tier_count
module_shield_tier12_count_3,ModuleTierCount,shield_12,3,90,90,UIAchievement_Name_module_tier_count,UIAchievement_Desc_module_tier_count
module_shield_tier13_count_1,ModuleTierCount,shield_13,1,100,100,UIAchievement_Name_module_tier_count,UIAchievement_Desc_module_tier_count
module_shield_tier13_count_2,ModuleTierCount,shield_13,2,100,100,UIAchievement_Name_module_tier_count,UIAchievement_Desc_module_tier_count
module_shield_tier13_count_3,ModuleTierCount,shield_13,3,100,100,UIAchievement_Name_module_tier_count,UIAchievement_Desc_module_tier_count
module_shield_tier14_count_1,ModuleTierCount,shield_14,1,100,100,UIAchievement_Name_module_tier_count,UIAchievement_Desc_module_tier_count
module_shield_tier14_count_2,ModuleTierCount,shield_14,2,100,100,UIAchievement_Name_module_tier_count,UIAchievement_Desc_module_tier_count
module_shield_tier14_count_3,ModuleTierCount,shield_14,3,100,100,UIAchievement_Name_module_tier_count,UIAchievement_Desc_module_tier_count
module_interceptor_tier2_count_1,ModuleTierCount,interceptor_2,1,10,10,UIAchievement_Name_module_tier_count,UIAchievement_Desc_module_tier_count
module_interceptor_tier2_count_2,ModuleTierCount,interceptor_2,2,10,10,UIAchievement_Name_module_tier_count,UIAchievement_Desc_module_tier_count
module_interceptor_tier2_count_3,ModuleTierCount,interceptor_2,3,10,10,UIAchievement_Name_module_tier_count,UIAchievement_Desc_module_tier_count
module_interceptor_tier3_count_1,ModuleTierCount,interceptor_3,1,10,10,UIAchievement_Name_module_tier_count,UIAchievement_Desc_module_tier_count
module_interceptor_tier3_count_2,ModuleTierCount,interceptor_3,2,10,10,UIAchievement_Name_module_tier_count,UIAchievement_Desc_module_tier_count
module_interceptor_tier3_count_3,ModuleTierCount,interceptor_3,3,10,10,UIAchievement_Name_module_tier_count,UIAchievement_Desc_module_tier_count
module_interceptor_tier4_count_1,ModuleTierCount,interceptor_4,1,10,10,UIAchievement_Name_module_tier_count,UIAchievement_Desc_module_tier_count
module_interceptor_tier4_count_2,ModuleTierCount,interceptor_4,2,10,10,UIAchievement_Name_module_tier_count,UIAchievement_Desc_module_tier_count
module_interceptor_tier4_count_3,ModuleTierCount,interceptor_4,3,10,10,UIAchievement_Name_module_tier_count,UIAchievement_Desc_module_tier_count
module_interceptor_tier5_count_1,ModuleTierCount,interceptor_5,1,20,20,UIAchievement_Name_module_tier_count,UIAchievement_Desc_module_tier_count
module_interceptor_tier5_count_2,ModuleTierCount,interceptor_5,2,20,20,UIAchievement_Name_module_tier_count,UIAchievement_Desc_module_tier_count
module_interceptor_tier5_count_3,ModuleTierCount,interceptor_5,3,20,20,UIAchievement_Name_module_tier_count,UIAchievement_Desc_module_tier_count
module_interceptor_tier6_count_1,ModuleTierCount,interceptor_6,1,30,30,UIAchievement_Name_module_tier_count,UIAchievement_Desc_module_tier_count
module_interceptor_tier6_count_2,ModuleTierCount,interceptor_6,2,30,30,UIAchievement_Name_module_tier_count,UIAchievement_Desc_module_tier_count
module_interceptor_tier6_count_3,ModuleTierCount,interceptor_6,3,30,30,UIAchievement_Name_module_tier_count,UIAchievement_Desc_module_tier_count
module_interceptor_tier7_count_1,ModuleTierCount,interceptor_7,1,40,40,UIAchievement_Name_module_tier_count,UIAchievement_Desc_module_tier_count
module_interceptor_tier7_count_2,ModuleTierCount,interceptor_7,2,40,40,UIAchievement_Name_module_tier_count,UIAchievement_Desc_module_tier_count
module_interceptor_tier7_count_3,ModuleTierCount,interceptor_7,3,40,40,UIAchievement_Name_module_tier_count,UIAchievement_Desc_module_tier_count
module_interceptor_tier8_count_1,ModuleTierCount,interceptor_8,1,50,50,UIAchievement_Name_module_tier_count,UIAchievement_Desc_module_tier_count
module_interceptor_tier8_count_2,ModuleTierCount,interceptor_8,2,50,50,UIAchievement_Name_module_tier_count,UIAchievement_Desc_module_tier_count
module_interceptor_tier8_count_3,ModuleTierCount,interceptor_8,3,50,50,UIAchievement_Name_module_tier_count,UIAchievement_Desc_module_tier_count
module_interceptor_tier9_count_1,ModuleTierCount,interceptor_9,1,60,60,UIAchievement_Name_module_tier_count,UIAchievement_Desc_module_tier_count
module_interceptor_tier9_count_2,ModuleTierCount,interceptor_9,2,60,60,UIAchievement_Name_module_tier_count,UIAchievement_Desc_module_tier_count
module_interceptor_tier9_count_3,ModuleTierCount,interceptor_9,3,60,60,UIAchievement_Name_module_tier_count,UIAchievement_Desc_module_tier_count
module_interceptor_tier10_count_1,ModuleTierCount,interceptor_10,1,70,70,UIAchievement_Name_module_tier_count,UIAchievement_Desc_module_tier_count
module_interceptor_tier10_count_2,ModuleTierCount,interceptor_10,2,70,70,UIAchievement_Name_module_tier_count,UIAchievement_Desc_module_tier_count
module_interceptor_tier10_count_3,ModuleTierCount,interceptor_10,3,70,70,UIAchievement_Name_module_tier_count,UIAchievement_Desc_module_tier_count
module_interceptor_tier11_count_1,ModuleTierCount,interceptor_11,1,80,80,UIAchievement_Name_module_tier_count,UIAchievement_Desc_module_tier_count
module_interceptor_tier11_count_2,ModuleTierCount,interceptor_11,2,80,80,UIAchievement_Name_module_tier_count,UIAchievement_Desc_module_tier_count
module_interceptor_tier11_count_3,ModuleTierCount,interceptor_11,3,80,80,UIAchievement_Name_module_tier_count,UIAchievement_Desc_module_tier_count
module_interceptor_tier12_count_1,ModuleTierCount,interceptor_12,1,90,90,UIAchievement_Name_module_tier_count,UIAchievement_Desc_module_tier_count
module_interceptor_tier12_count_2,ModuleTierCount,interceptor_12,2,90,90,UIAchievement_Name_module_tier_count,UIAchievement_Desc_module_tier_count
module_interceptor_tier12_count_3,ModuleTierCount,interceptor_12,3,90,90,UIAchievement_Name_module_tier_count,UIAchievement_Desc_module_tier_count
module_interceptor_tier13_count_1,ModuleTierCount,interceptor_13,1,100,100,UIAchievement_Name_module_tier_count,UIAchievement_Desc_module_tier_count
module_interceptor_tier13_count_2,ModuleTierCount,interceptor_13,2,100,100,UIAchievement_Name_module_tier_count,UIAchievement_Desc_module_tier_count
module_interceptor_tier13_count_3,ModuleTierCount,interceptor_13,3,100,100,UIAchievement_Name_module_tier_count,UIAchievement_Desc_module_tier_count
module_interceptor_tier14_count_1,ModuleTierCount,interceptor_14,1,100,100,UIAchievement_Name_module_tier_count,UIAchievement_Desc_module_tier_count
module_interceptor_tier14_count_2,ModuleTierCount,interceptor_14,2,100,100,UIAchievement_Name_module_tier_count,UIAchievement_Desc_module_tier_count
module_interceptor_tier14_count_3,ModuleTierCount,interceptor_14,3,100,100,UIAchievement_Name_module_tier_count,UIAchievement_Desc_module_tier_count
hull_unlock_hull_4_1_21100,HullUnlocked,hull_4_1_21100,1,40,40,UIAchievement_Name_hull_unlock,UIAchievement_Desc_hull_unlock
hull_unlock_hull_5_1_22100,HullUnlocked,hull_5_1_22100,1,50,50,UIAchievement_Name_hull_unlock,UIAchievement_Desc_hull_unlock
hull_unlock_hull_6_1_22211,HullUnlocked,hull_6_1_22211,1,60,60,UIAchievement_Name_hull_unlock,UIAchievement_Desc_hull_unlock
hull_unlock_hull_7_1_32211,HullUnlocked,hull_7_1_32211,1,70,70,UIAchievement_Name_hull_unlock,UIAchievement_Desc_hull_unlock
hull_unlock_hull_8_1_33211,HullUnlocked,hull_8_1_33211,1,80,80,UIAchievement_Name_hull_unlock,UIAchievement_Desc_hull_unlock
hull_unlock_hull_9_1_33311,HullUnlocked,hull_9_1_33311,1,90,90,UIAchievement_Name_hull_unlock,UIAchievement_Desc_hull_unlock
hull_unlock_hull_10_1_43311,HullUnlocked,hull_10_1_43311,1,100,100,UIAchievement_Name_hull_unlock,UIAchievement_Desc_hull_unlock
hull_unlock_hull_11_1_44311,HullUnlocked,hull_11_1_44311,1,110,110,UIAchievement_Name_hull_unlock,UIAchievement_Desc_hull_unlock
hull_unlock_hull_12_1_44411,HullUnlocked,hull_12_1_44411,1,120,120,UIAchievement_Name_hull_unlock,UIAchievement_Desc_hull_unlock
hull_unlock_hull_13_1_54411,HullUnlocked,hull_13_1_54411,1,130,130,UIAchievement_Name_hull_unlock,UIAchievement_Desc_hull_unlock
hull_unlock_hull_14_1_55411,HullUnlocked,hull_14_1_55411,1,140,140,UIAchievement_Name_hull_unlock,UIAchievement_Desc_hull_unlock
