zone_stage,stage,ship_index,body_type,body_level,beam_type,beam_level,beam_count,missile_type,missile_level,missile_count,hanger_type,hanger_level,hanger_count,body_ratio,beam_ratio,missile_ratio,hanger_ratio
1,1,0,body_t1_m1,1,beam_t1_m1,1,1,,,,,,,0.1,0.1,0.1,0.1
1,1,1,body_t1_m1,1,beam_t1_m1,1,1,,,,,,,0.1,0.1,0.1,0.1
1,1,2,body_t1_m1,1,beam_t1_m1,1,1,,,,,,,0.1,0.1,0.1,0.1
1,2,0,body_t1_m1,1,beam_t1_m1,1,1,,,,,,,0.1474,0.1474,0.1474,0.1474
1,2,1,body_t1_m1,1,beam_t1_m1,1,1,,,,,,,0.1474,0.1474,0.1474,0.1474
1,2,2,body_t1_m1,1,beam_t1_m1,1,1,,,,,,,0.1474,0.1474,0.1474,0.1474
1,3,0,body_t1_m1,1,beam_t1_m1,1,1,,,,,,,0.1947,0.1947,0.1947,0.1947
1,3,1,body_t1_m1,1,beam_t1_m1,1,1,,,,,,,0.1947,0.1947,0.1947,0.1947
1,3,2,body_t1_m1,1,beam_t1_m1,1,1,,,,,,,0.1947,0.1947,0.1947,0.1947
1,4,0,body_t1_m1,1,beam_t1_m1,1,1,,,,,,,0.2421,0.2421,0.2421,0.2421
1,4,1,body_t1_m1,1,beam_t1_m1,1,1,,,,,,,0.2421,0.2421,0.2421,0.2421
1,4,2,body_t1_m1,1,beam_t1_m1,1,1,,,,,,,0.2421,0.2421,0.2421,0.2421
1,5,0,body_t1_m1,1,beam_t1_m1,1,1,,,,,,,0.2895,0.2895,0.2895,0.2895
1,5,1,body_t1_m1,1,beam_t1_m1,1,1,,,,,,,0.2895,0.2895,0.2895,0.2895
1,5,2,body_t1_m1,1,beam_t1_m1,1,1,,,,,,,0.2895,0.2895,0.2895,0.2895
1,6,0,body_t1_m1,1,beam_t1_m1,1,1,,,,,,,0.3368,0.3368,0.3368,0.3368
1,6,1,body_t1_m1,1,beam_t1_m1,1,1,,,,,,,0.3368,0.3368,0.3368,0.3368
1,6,2,body_t1_m1,1,beam_t1_m1,1,1,,,,,,,0.3368,0.3368,0.3368,0.3368
1,7,0,body_t1_m1,1,beam_t1_m1,1,1,,,,,,,0.3842,0.3842,0.3842,0.3842
1,7,1,body_t1_m1,1,beam_t1_m1,1,1,,,,,,,0.3842,0.3842,0.3842,0.3842
1,7,2,body_t1_m1,1,beam_t1_m1,1,1,,,,,,,0.3842,0.3842,0.3842,0.3842
1,8,0,body_t1_m1,1,beam_t1_m1,1,1,,,,,,,0.4316,0.4316,0.4316,0.4316
1,8,1,body_t1_m1,1,beam_t1_m1,1,1,,,,,,,0.4316,0.4316,0.4316,0.4316
1,8,2,body_t1_m1,1,beam_t1_m1,1,1,,,,,,,0.4316,0.4316,0.4316,0.4316
1,9,0,body_t1_m1,1,beam_t1_m1,1,1,,,,,,,0.4789,0.4789,0.4789,0.4789
1,9,1,body_t1_m1,1,beam_t1_m1,1,1,,,,,,,0.4789,0.4789,0.4789,0.4789
1,9,2,body_t1_m1,1,beam_t1_m1,1,1,,,,,,,0.4789,0.4789,0.4789,0.4789
1,10,0,body_t1_m1,1,beam_t1_m1,1,1,,,,,,,0.5263,0.5263,0.5263,0.5263
1,10,1,body_t1_m1,1,beam_t1_m1,1,1,,,,,,,0.5263,0.5263,0.5263,0.5263
1,10,2,body_t1_m1,1,beam_t1_m1,1,1,,,,,,,0.5263,0.5263,0.5263,0.5263
1,11,0,body_t1_m1,1,beam_t1_m1,1,1,,,,,,,0.5737,0.5737,0.5737,0.5737
1,11,1,body_t1_m1,1,beam_t1_m1,1,1,,,,,,,0.5737,0.5737,0.5737,0.5737
1,11,2,body_t1_m1,1,beam_t1_m1,1,1,,,,,,,0.5737,0.5737,0.5737,0.5737
1,12,0,body_t1_m1,1,beam_t1_m1,1,1,,,,,,,0.6211,0.6211,0.6211,0.6211
1,12,1,body_t1_m1,1,beam_t1_m1,1,1,,,,,,,0.6211,0.6211,0.6211,0.6211
1,12,2,body_t1_m1,1,beam_t1_m1,1,1,,,,,,,0.6211,0.6211,0.6211,0.6211
1,13,0,body_t1_m1,1,beam_t1_m1,1,1,,,,,,,0.6684,0.6684,0.6684,0.6684
1,13,1,body_t1_m1,1,beam_t1_m1,1,1,,,,,,,0.6684,0.6684,0.6684,0.6684
1,13,2,body_t1_m1,1,beam_t1_m1,1,1,,,,,,,0.6684,0.6684,0.6684,0.6684
1,14,0,body_t1_m1,1,beam_t1_m1,1,1,,,,,,,0.7158,0.7158,0.7158,0.7158
1,14,1,body_t1_m1,1,beam_t1_m1,1,1,,,,,,,0.7158,0.7158,0.7158,0.7158
1,14,2,body_t1_m1,1,beam_t1_m1,1,1,,,,,,,0.7158,0.7158,0.7158,0.7158
1,15,0,body_t1_m1,1,beam_t1_m1,1,1,,,,,,,0.7632,0.7632,0.7632,0.7632
1,15,1,body_t1_m1,1,beam_t1_m1,1,1,,,,,,,0.7632,0.7632,0.7632,0.7632
1,15,2,body_t1_m1,1,beam_t1_m1,1,1,,,,,,,0.7632,0.7632,0.7632,0.7632
1,16,0,body_t1_m1,1,beam_t1_m1,1,1,,,,,,,0.8105,0.8105,0.8105,0.8105
1,16,1,body_t1_m1,1,beam_t1_m1,1,1,,,,,,,0.8105,0.8105,0.8105,0.8105
1,16,2,body_t1_m1,1,beam_t1_m1,1,1,,,,,,,0.8105,0.8105,0.8105,0.8105
1,17,0,body_t1_m1,1,beam_t1_m1,1,1,,,,,,,0.8579,0.8579,0.8579,0.8579
1,17,1,body_t1_m1,1,beam_t1_m1,1,1,,,,,,,0.8579,0.8579,0.8579,0.8579
1,17,2,body_t1_m1,1,beam_t1_m1,1,1,,,,,,,0.8579,0.8579,0.8579,0.8579
1,18,0,body_t1_m1,1,beam_t1_m1,1,1,,,,,,,0.9053,0.9053,0.9053,0.9053
1,18,1,body_t1_m1,1,beam_t1_m1,1,1,,,,,,,0.9053,0.9053,0.9053,0.9053
1,18,2,body_t1_m1,1,beam_t1_m1,1,1,,,,,,,0.9053,0.9053,0.9053,0.9053
1,19,0,body_t1_m1,1,beam_t1_m1,1,1,,,,,,,0.9526,0.9526,0.9526,0.9526
1,19,1,body_t1_m1,1,beam_t1_m1,1,1,,,,,,,0.9526,0.9526,0.9526,0.9526
1,19,2,body_t1_m1,1,beam_t1_m1,1,1,,,,,,,0.9526,0.9526,0.9526,0.9526
1,20,0,body_t1_m1,1,beam_t1_m1,1,1,,,,,,,1,1,1,1
1,20,1,body_t1_m1,1,beam_t1_m1,1,1,,,,,,,1,1,1,1
1,20,2,body_t1_m1,1,beam_t1_m1,1,1,,,,,,,1,1,1,1
1,21,0,body_t1_m1,1,beam_t1_m1,1,1,,,,,,,1,1,1,1
1,21,1,body_t1_m1,1,beam_t1_m1,1,1,,,,,,,1,1,1,1
1,21,2,body_t1_m1,1,beam_t1_m1,1,1,,,,,,,1,1,1,1
1,22,0,body_t1_m1,1,beam_t1_m1,1,1,,,,,,,1,1,1,1
1,22,1,body_t1_m1,1,beam_t1_m1,1,1,,,,,,,1,1,1,1
1,22,2,body_t1_m1,1,beam_t1_m1,1,1,,,,,,,1,1,1,1
1,23,0,body_t1_m1,1,beam_t1_m1,1,1,,,,,,,1,1,1,1
1,23,1,body_t1_m1,1,beam_t1_m1,1,1,,,,,,,1,1,1,1
1,23,2,body_t1_m1,1,beam_t1_m1,1,1,,,,,,,1,1,1,1
1,24,0,body_t1_m1,1,beam_t1_m1,1,1,,,,,,,1,1,1,1
1,24,1,body_t1_m1,1,beam_t1_m1,1,1,,,,,,,1,1,1,1
1,24,2,body_t1_m1,1,beam_t1_m1,1,1,,,,,,,1,1,1,1
1,25,0,body_t1_m1,1,beam_t1_m1,1,1,,,,,,,1,1,1,1
1,25,1,body_t1_m1,1,beam_t1_m1,1,1,,,,,,,1,1,1,1
1,25,2,body_t1_m1,1,beam_t1_m1,1,1,,,,,,,1,1,1,1
1,26,0,body_t1_m1,1,beam_t1_m1,1,1,,,,,,,1,1,1,1
1,26,1,body_t1_m1,1,beam_t1_m1,1,1,,,,,,,1,1,1,1
1,26,2,body_t1_m1,1,beam_t1_m1,1,1,,,,,,,1,1,1,1
1,27,0,body_t1_m1,1,beam_t1_m1,1,1,,,,,,,1,1,1,1
1,27,1,body_t1_m1,1,beam_t1_m1,1,1,,,,,,,1,1,1,1
1,27,2,body_t1_m1,1,beam_t1_m1,1,1,,,,,,,1,1,1,1
1,28,0,body_t1_m1,1,beam_t1_m1,1,1,,,,,,,1,1,1,1
1,28,1,body_t1_m1,1,beam_t1_m1,1,1,,,,,,,1,1,1,1
1,28,2,body_t1_m1,1,beam_t1_m1,1,1,,,,,,,1,1,1,1
1,29,0,body_t1_m1,1,beam_t1_m1,1,1,,,,,,,1,1,1,1
1,29,1,body_t1_m1,1,beam_t1_m1,1,1,,,,,,,1,1,1,1
1,29,2,body_t1_m1,1,beam_t1_m1,1,1,,,,,,,1,1,1,1
1,30,0,body_t1_m1,1,beam_t1_m1,1,1,,,,,,,1,1,1,1
1,30,1,body_t1_m1,1,beam_t1_m1,1,1,,,,,,,1,1,1,1
1,30,2,body_t1_m1,1,beam_t1_m1,1,1,,,,,,,1,1,1,1
2,1,2,body_t1_m1,1,beam_t1_m1,1,1,,,,,,,1,1,1,1
2,1,2,body_t1_m1,1,beam_t1_m1,1,1,,,,,,,1,1,1,1
2,1,2,body_t1_m1,1,beam_t1_m1,1,1,,,,,,,1,1,1,1
2,2,2,body_t1_m1,1,beam_t1_m1,1,1,,,,,,,1,1,1,1
2,2,2,body_t1_m1,1,beam_t1_m1,1,1,,,,,,,1,1,1,1
2,2,2,body_t1_m1,1,beam_t1_m1,1,1,,,,,,,1,1,1,1
2,3,2,body_t1_m1,1,beam_t1_m1,1,1,,,,,,,1,1,1,1
2,3,2,body_t1_m1,1,beam_t1_m1,1,1,,,,,,,1,1,1,1
2,3,2,body_t1_m1,1,beam_t1_m1,1,1,,,,,,,1,1,1,1
2,4,2,body_t1_m1,1,beam_t1_m1,1,1,,,,,,,1,1,1,1
2,4,2,body_t1_m1,1,beam_t1_m1,1,1,,,,,,,1,1,1,1
2,4,2,body_t1_m1,1,beam_t1_m1,1,1,,,,,,,1,1,1,1
2,5,2,body_t1_m1,1,beam_t1_m1,1,1,,,,,,,1,1,1,1
2,5,2,body_t1_m1,1,beam_t1_m1,1,1,,,,,,,1,1,1,1
2,5,2,body_t1_m1,1,beam_t1_m1,1,1,,,,,,,1,1,1,1
2,6,2,body_t1_m1,1,beam_t1_m1,1,1,,,,,,,1,1,1,1
2,6,2,body_t1_m1,1,beam_t1_m1,1,1,,,,,,,1,1,1,1
2,6,2,body_t1_m1,1,beam_t1_m1,1,1,,,,,,,1,1,1,1
2,7,2,body_t1_m1,1,beam_t1_m1,1,1,,,,,,,1,1,1,1
2,7,2,body_t1_m1,1,beam_t1_m1,1,1,,,,,,,1,1,1,1
2,7,2,body_t1_m1,1,beam_t1_m1,1,1,,,,,,,1,1,1,1
2,8,2,body_t1_m1,1,beam_t1_m1,1,1,,,,,,,1,1,1,1
2,8,2,body_t1_m1,1,beam_t1_m1,1,1,,,,,,,1,1,1,1
2,8,2,body_t1_m1,1,beam_t1_m1,1,1,,,,,,,1,1,1,1
2,9,2,body_t1_m1,1,beam_t1_m1,1,1,,,,,,,1,1,1,1
2,9,2,body_t1_m1,1,beam_t1_m1,1,1,,,,,,,1,1,1,1
2,9,2,body_t1_m1,1,beam_t1_m1,1,1,,,,,,,1,1,1,1
2,10,2,body_t1_m1,1,beam_t1_m1,1,1,,,,,,,1,1,1,1
2,10,2,body_t1_m1,1,beam_t1_m1,1,1,,,,,,,1,1,1,1
2,10,2,body_t1_m1,1,beam_t1_m1,1,1,,,,,,,1,1,1,1
2,11,2,body_t1_m1,1,beam_t1_m1,1,1,,,,,,,1,1,1,1
2,11,2,body_t1_m1,1,beam_t1_m1,1,1,,,,,,,1,1,1,1
2,11,2,body_t1_m1,1,beam_t1_m1,1,1,,,,,,,1,1,1,1
2,12,2,body_t1_m1,1,beam_t1_m1,1,1,,,,,,,1,1,1,1
2,12,2,body_t1_m1,1,beam_t1_m1,1,1,,,,,,,1,1,1,1
2,12,2,body_t1_m1,1,beam_t1_m1,1,1,,,,,,,1,1,1,1
2,13,2,body_t1_m1,1,beam_t1_m1,1,1,,,,,,,1,1,1,1
2,13,2,body_t1_m1,1,beam_t1_m1,1,1,,,,,,,1,1,1,1
2,13,2,body_t1_m1,1,beam_t1_m1,1,1,,,,,,,1,1,1,1
2,14,2,body_t1_m1,1,beam_t1_m1,1,1,,,,,,,1,1,1,1
2,14,2,body_t1_m1,1,beam_t1_m1,1,1,,,,,,,1,1,1,1
2,14,2,body_t1_m1,1,beam_t1_m1,1,1,,,,,,,1,1,1,1
2,15,2,body_t1_m1,1,beam_t1_m1,1,1,,,,,,,1,1,1,1
2,15,2,body_t1_m1,1,beam_t1_m1,1,1,,,,,,,1,1,1,1
2,15,2,body_t1_m1,1,beam_t1_m1,1,1,,,,,,,1,1,1,1
2,16,2,body_t1_m1,1,beam_t1_m1,1,1,,,,,,,1,1,1,1
2,16,2,body_t1_m1,1,beam_t1_m1,1,1,,,,,,,1,1,1,1
2,16,2,body_t1_m1,1,beam_t1_m1,1,1,,,,,,,1,1,1,1
2,17,2,body_t1_m1,1,beam_t1_m1,1,1,,,,,,,1,1,1,1
2,17,2,body_t1_m1,1,beam_t1_m1,1,1,,,,,,,1,1,1,1
2,17,2,body_t1_m1,1,beam_t1_m1,1,1,,,,,,,1,1,1,1
2,18,2,body_t1_m1,1,beam_t1_m1,1,1,,,,,,,1,1,1,1
2,18,2,body_t1_m1,1,beam_t1_m1,1,1,,,,,,,1,1,1,1
2,18,2,body_t1_m1,1,beam_t1_m1,1,1,,,,,,,1,1,1,1
2,19,2,body_t1_m1,1,beam_t1_m1,1,1,,,,,,,1,1,1,1
2,19,2,body_t1_m1,1,beam_t1_m1,1,1,,,,,,,1,1,1,1
2,19,2,body_t1_m1,1,beam_t1_m1,1,1,,,,,,,1,1,1,1
2,20,2,body_t1_m1,1,beam_t1_m1,1,1,,,,,,,1,1,1,1
2,20,2,body_t1_m1,1,beam_t1_m1,1,1,,,,,,,1,1,1,1
2,20,2,body_t1_m1,1,beam_t1_m1,1,1,,,,,,,1,1,1,1
2,21,2,body_t1_m1,1,beam_t1_m1,1,1,,,,,,,1,1,1,1
2,21,2,body_t1_m1,1,beam_t1_m1,1,1,,,,,,,1,1,1,1
2,21,2,body_t1_m1,1,beam_t1_m1,1,1,,,,,,,1,1,1,1
2,22,2,body_t1_m1,1,beam_t1_m1,1,1,,,,,,,1,1,1,1
2,22,2,body_t1_m1,1,beam_t1_m1,1,1,,,,,,,1,1,1,1
2,22,2,body_t1_m1,1,beam_t1_m1,1,1,,,,,,,1,1,1,1
2,23,2,body_t1_m1,1,beam_t1_m1,1,1,,,,,,,1,1,1,1
2,23,2,body_t1_m1,1,beam_t1_m1,1,1,,,,,,,1,1,1,1
2,23,2,body_t1_m1,1,beam_t1_m1,1,1,,,,,,,1,1,1,1
2,24,2,body_t1_m1,1,beam_t1_m1,1,1,,,,,,,1,1,1,1
2,24,2,body_t1_m1,1,beam_t1_m1,1,1,,,,,,,1,1,1,1
2,24,2,body_t1_m1,1,beam_t1_m1,1,1,,,,,,,1,1,1,1
2,25,2,body_t1_m1,1,beam_t1_m1,1,1,,,,,,,1,1,1,1
2,25,2,body_t1_m1,1,beam_t1_m1,1,1,,,,,,,1,1,1,1
2,25,2,body_t1_m1,1,beam_t1_m1,1,1,,,,,,,1,1,1,1
2,26,2,body_t1_m1,1,beam_t1_m1,1,1,,,,,,,1,1,1,1
2,26,2,body_t1_m1,1,beam_t1_m1,1,1,,,,,,,1,1,1,1
2,26,2,body_t1_m1,1,beam_t1_m1,1,1,,,,,,,1,1,1,1
2,27,2,body_t1_m1,1,beam_t1_m1,1,1,,,,,,,1,1,1,1
2,27,2,body_t1_m1,1,beam_t1_m1,1,1,,,,,,,1,1,1,1
2,27,2,body_t1_m1,1,beam_t1_m1,1,1,,,,,,,1,1,1,1
2,28,2,body_t1_m1,1,beam_t1_m1,1,1,,,,,,,1,1,1,1
2,28,2,body_t1_m1,1,beam_t1_m1,1,1,,,,,,,1,1,1,1
2,28,2,body_t1_m1,1,beam_t1_m1,1,1,,,,,,,1,1,1,1
2,29,2,body_t1_m1,1,beam_t1_m1,1,1,,,,,,,1,1,1,1
2,29,2,body_t1_m1,1,beam_t1_m1,1,1,,,,,,,1,1,1,1
2,29,2,body_t1_m1,1,beam_t1_m1,1,1,,,,,,,1,1,1,1
2,30,2,body_t1_m1,1,beam_t1_m1,1,1,,,,,,,1,1,1,1
2,30,2,body_t1_m1,1,beam_t1_m1,1,1,,,,,,,1,1,1,1
2,30,2,body_t1_m1,1,beam_t1_m1,1,1,,,,,,,1,1,1,1
3,1,0,body_t1_m1,1,beam_t1_m1,1,1,,,,,,,1,1,1,1
3,1,1,body_t1_m1,1,beam_t1_m1,1,1,,,,,,,1,1,1,1
3,1,2,body_t1_m1,1,beam_t1_m1,1,1,,,,,,,1,1,1,1
3,2,0,body_t1_m1,1,beam_t1_m1,1,1,,,,,,,1,1,1,1
3,2,1,body_t1_m1,1,beam_t1_m1,1,1,,,,,,,1,1,1,1
3,2,2,body_t1_m1,1,beam_t1_m1,1,1,,,,,,,1,1,1,1
3,3,0,body_t1_m1,1,beam_t1_m1,1,1,,,,,,,1,1,1,1
3,3,1,body_t1_m1,1,beam_t1_m1,1,1,,,,,,,1,1,1,1
3,3,2,body_t1_m1,1,beam_t1_m1,1,1,,,,,,,1,1,1,1
3,4,0,body_t1_m1,1,beam_t1_m1,1,1,,,,,,,1,1,1,1
3,4,1,body_t1_m1,1,beam_t1_m1,1,1,,,,,,,1,1,1,1
3,4,2,body_t1_m1,1,beam_t1_m1,1,1,,,,,,,1,1,1,1
3,5,0,body_t1_m1,1,beam_t1_m1,1,1,,,,,,,1,1,1,1
3,5,1,body_t1_m1,1,beam_t1_m1,1,1,,,,,,,1,1,1,1
3,5,2,body_t1_m1,1,beam_t1_m1,1,1,,,,,,,1,1,1,1
3,6,0,body_t1_m1,1,beam_t1_m1,1,1,,,,,,,1,1,1,1
3,6,1,body_t1_m1,1,beam_t1_m1,1,1,,,,,,,1,1,1,1
3,6,2,body_t1_m1,1,beam_t1_m1,1,1,,,,,,,1,1,1,1
3,7,0,body_t1_m1,1,beam_t1_m1,1,1,,,,,,,1,1,1,1
3,7,1,body_t1_m1,1,beam_t1_m1,1,1,,,,,,,1,1,1,1
3,7,2,body_t1_m1,1,beam_t1_m1,1,1,,,,,,,1,1,1,1
3,8,0,body_t1_m1,1,beam_t1_m1,1,1,,,,,,,1,1,1,1
3,8,1,body_t1_m1,1,beam_t1_m1,1,1,,,,,,,1,1,1,1
3,8,2,body_t1_m1,1,beam_t1_m1,1,1,,,,,,,1,1,1,1
3,9,0,body_t1_m1,1,beam_t1_m1,1,1,,,,,,,1,1,1,1
3,9,1,body_t1_m1,1,beam_t1_m1,1,1,,,,,,,1,1,1,1
3,9,2,body_t1_m1,1,beam_t1_m1,1,1,,,,,,,1,1,1,1
3,10,0,body_t1_m1,1,beam_t1_m1,1,1,,,,,,,1,1,1,1
3,10,1,body_t1_m1,1,beam_t1_m1,1,1,,,,,,,1,1,1,1
3,10,2,body_t1_m1,1,beam_t1_m1,1,1,,,,,,,1,1,1,1
3,11,0,body_t1_m1,1,beam_t1_m1,1,1,,,,,,,1,1,1,1
3,11,1,body_t1_m1,1,beam_t1_m1,1,1,,,,,,,1,1,1,1
3,11,2,body_t1_m1,1,beam_t1_m1,1,1,,,,,,,1,1,1,1
3,12,0,body_t1_m1,1,beam_t1_m1,1,1,,,,,,,1,1,1,1
3,12,1,body_t1_m1,1,beam_t1_m1,1,1,,,,,,,1,1,1,1
3,12,2,body_t1_m1,1,beam_t1_m1,1,1,,,,,,,1,1,1,1
3,13,0,body_t1_m1,1,beam_t1_m1,1,1,,,,,,,1,1,1,1
3,13,1,body_t1_m1,1,beam_t1_m1,1,1,,,,,,,1,1,1,1
3,13,2,body_t1_m1,1,beam_t1_m1,1,1,,,,,,,1,1,1,1
3,14,0,body_t1_m1,1,beam_t1_m1,1,1,,,,,,,1,1,1,1
3,14,1,body_t1_m1,1,beam_t1_m1,1,1,,,,,,,1,1,1,1
3,14,2,body_t1_m1,1,beam_t1_m1,1,1,,,,,,,1,1,1,1
3,15,0,body_t1_m1,1,beam_t1_m1,1,1,,,,,,,1,1,1,1
3,15,1,body_t1_m1,1,beam_t1_m1,1,1,,,,,,,1,1,1,1
3,15,2,body_t1_m1,1,beam_t1_m1,1,1,,,,,,,1,1,1,1
3,16,0,body_t1_m1,1,beam_t1_m1,1,1,,,,,,,1,1,1,1
3,16,1,body_t1_m1,1,beam_t1_m1,1,1,,,,,,,1,1,1,1
3,16,2,body_t1_m1,1,beam_t1_m1,1,1,,,,,,,1,1,1,1
3,17,0,body_t1_m1,1,beam_t1_m1,1,1,,,,,,,1,1,1,1
3,17,1,body_t1_m1,1,beam_t1_m1,1,1,,,,,,,1,1,1,1
3,17,2,body_t1_m1,1,beam_t1_m1,1,1,,,,,,,1,1,1,1
3,18,0,body_t1_m1,1,beam_t1_m1,1,1,,,,,,,1,1,1,1
3,18,1,body_t1_m1,1,beam_t1_m1,1,1,,,,,,,1,1,1,1
3,18,2,body_t1_m1,1,beam_t1_m1,1,1,,,,,,,1,1,1,1
3,19,0,body_t1_m1,1,beam_t1_m1,1,1,,,,,,,1,1,1,1
3,19,1,body_t1_m1,1,beam_t1_m1,1,1,,,,,,,1,1,1,1
3,19,2,body_t1_m1,1,beam_t1_m1,1,1,,,,,,,1,1,1,1
3,20,0,body_t1_m1,1,beam_t1_m1,1,1,,,,,,,1,1,1,1
3,20,1,body_t1_m1,1,beam_t1_m1,1,1,,,,,,,1,1,1,1
3,20,2,body_t1_m1,1,beam_t1_m1,1,1,,,,,,,1,1,1,1
3,21,0,body_t1_m1,1,beam_t1_m1,1,1,,,,,,,1,1,1,1
3,21,1,body_t1_m1,1,beam_t1_m1,1,1,,,,,,,1,1,1,1
3,21,2,body_t1_m1,1,beam_t1_m1,1,1,,,,,,,1,1,1,1
3,22,0,body_t1_m1,1,beam_t1_m1,1,1,,,,,,,1,1,1,1
3,22,1,body_t1_m1,1,beam_t1_m1,1,1,,,,,,,1,1,1,1
3,22,2,body_t1_m1,1,beam_t1_m1,1,1,,,,,,,1,1,1,1
3,23,0,body_t1_m1,1,beam_t1_m1,1,1,,,,,,,1,1,1,1
3,23,1,body_t1_m1,1,beam_t1_m1,1,1,,,,,,,1,1,1,1
3,23,2,body_t1_m1,1,beam_t1_m1,1,1,,,,,,,1,1,1,1
3,24,0,body_t1_m1,1,beam_t1_m1,1,1,,,,,,,1,1,1,1
3,24,1,body_t1_m1,1,beam_t1_m1,1,1,,,,,,,1,1,1,1
3,24,2,body_t1_m1,1,beam_t1_m1,1,1,,,,,,,1,1,1,1
3,25,0,body_t1_m1,1,beam_t1_m1,1,1,,,,,,,1,1,1,1
3,25,1,body_t1_m1,1,beam_t1_m1,1,1,,,,,,,1,1,1,1
3,25,2,body_t1_m1,1,beam_t1_m1,1,1,,,,,,,1,1,1,1
3,26,0,body_t1_m1,1,beam_t1_m1,1,1,,,,,,,1,1,1,1
3,26,1,body_t1_m1,1,beam_t1_m1,1,1,,,,,,,1,1,1,1
3,26,2,body_t1_m1,1,beam_t1_m1,1,1,,,,,,,1,1,1,1
3,27,0,body_t1_m1,1,beam_t1_m1,1,1,,,,,,,1,1,1,1
3,27,1,body_t1_m1,1,beam_t1_m1,1,1,,,,,,,1,1,1,1
3,27,2,body_t1_m1,1,beam_t1_m1,1,1,,,,,,,1,1,1,1
3,28,0,body_t1_m1,1,beam_t1_m1,1,1,,,,,,,1,1,1,1
3,28,1,body_t1_m1,1,beam_t1_m1,1,1,,,,,,,1,1,1,1
3,28,2,body_t1_m1,1,beam_t1_m1,1,1,,,,,,,1,1,1,1
3,29,0,body_t1_m1,1,beam_t1_m1,1,1,,,,,,,1,1,1,1
3,29,1,body_t1_m1,1,beam_t1_m1,1,1,,,,,,,1,1,1,1
3,29,2,body_t1_m1,1,beam_t1_m1,1,1,,,,,,,1,1,1,1
3,30,0,body_t1_m1,1,beam_t1_m1,1,1,,,,,,,1,1,1,1
3,30,1,body_t1_m1,1,beam_t1_m1,1,1,,,,,,,1,1,1,1
3,30,2,body_t1_m1,1,beam_t1_m1,1,1,,,,,,,1,1,1,1
4,1,2,body_t1_m1,1,beam_t1_m1,1,1,,,,,,,1,1,1,1
4,1,2,body_t1_m1,1,beam_t1_m1,1,1,,,,,,,1,1,1,1
4,1,2,body_t1_m1,1,beam_t1_m1,1,1,,,,,,,1,1,1,1
4,2,2,body_t1_m1,1,beam_t1_m1,1,1,,,,,,,1,1,1,1
4,2,2,body_t1_m1,1,beam_t1_m1,1,1,,,,,,,1,1,1,1
4,2,2,body_t1_m1,1,beam_t1_m1,1,1,,,,,,,1,1,1,1
4,3,2,body_t1_m1,1,beam_t1_m1,1,1,,,,,,,1,1,1,1
4,3,2,body_t1_m1,1,beam_t1_m1,1,1,,,,,,,1,1,1,1
4,3,2,body_t1_m1,1,beam_t1_m1,1,1,,,,,,,1,1,1,1
4,4,2,body_t1_m1,1,beam_t1_m1,1,1,,,,,,,1,1,1,1
4,4,2,body_t1_m1,1,beam_t1_m1,1,1,,,,,,,1,1,1,1
4,4,2,body_t1_m1,1,beam_t1_m1,1,1,,,,,,,1,1,1,1
4,5,2,body_t1_m1,1,beam_t1_m1,1,1,,,,,,,1,1,1,1
4,5,2,body_t1_m1,1,beam_t1_m1,1,1,,,,,,,1,1,1,1
4,5,2,body_t1_m1,1,beam_t1_m1,1,1,,,,,,,1,1,1,1
4,6,2,body_t1_m1,1,beam_t1_m1,1,1,,,,,,,1,1,1,1
4,6,2,body_t1_m1,1,beam_t1_m1,1,1,,,,,,,1,1,1,1
4,6,2,body_t1_m1,1,beam_t1_m1,1,1,,,,,,,1,1,1,1
4,7,2,body_t1_m1,1,beam_t1_m1,1,1,,,,,,,1,1,1,1
4,7,2,body_t1_m1,1,beam_t1_m1,1,1,,,,,,,1,1,1,1
4,7,2,body_t1_m1,1,beam_t1_m1,1,1,,,,,,,1,1,1,1
4,8,2,body_t1_m1,1,beam_t1_m1,1,1,,,,,,,1,1,1,1
4,8,2,body_t1_m1,1,beam_t1_m1,1,1,,,,,,,1,1,1,1
4,8,2,body_t1_m1,1,beam_t1_m1,1,1,,,,,,,1,1,1,1
4,9,2,body_t1_m1,1,beam_t1_m1,1,1,,,,,,,1,1,1,1
4,9,2,body_t1_m1,1,beam_t1_m1,1,1,,,,,,,1,1,1,1
4,9,2,body_t1_m1,1,beam_t1_m1,1,1,,,,,,,1,1,1,1
4,10,2,body_t1_m1,1,beam_t1_m1,1,1,,,,,,,1,1,1,1
4,10,2,body_t1_m1,1,beam_t1_m1,1,1,,,,,,,1,1,1,1
4,10,2,body_t1_m1,1,beam_t1_m1,1,1,,,,,,,1,1,1,1
4,11,2,body_t1_m1,1,beam_t1_m1,1,1,,,,,,,1,1,1,1
4,11,2,body_t1_m1,1,beam_t1_m1,1,1,,,,,,,1,1,1,1
4,11,2,body_t1_m1,1,beam_t1_m1,1,1,,,,,,,1,1,1,1
4,12,2,body_t1_m1,1,beam_t1_m1,1,1,,,,,,,1,1,1,1
4,12,2,body_t1_m1,1,beam_t1_m1,1,1,,,,,,,1,1,1,1
4,12,2,body_t1_m1,1,beam_t1_m1,1,1,,,,,,,1,1,1,1
4,13,2,body_t1_m1,1,beam_t1_m1,1,1,,,,,,,1,1,1,1
4,13,2,body_t1_m1,1,beam_t1_m1,1,1,,,,,,,1,1,1,1
4,13,2,body_t1_m1,1,beam_t1_m1,1,1,,,,,,,1,1,1,1
4,14,2,body_t1_m1,1,beam_t1_m1,1,1,,,,,,,1,1,1,1
4,14,2,body_t1_m1,1,beam_t1_m1,1,1,,,,,,,1,1,1,1
4,14,2,body_t1_m1,1,beam_t1_m1,1,1,,,,,,,1,1,1,1
4,15,2,body_t1_m1,1,beam_t1_m1,1,1,,,,,,,1,1,1,1
4,15,2,body_t1_m1,1,beam_t1_m1,1,1,,,,,,,1,1,1,1
4,15,2,body_t1_m1,1,beam_t1_m1,1,1,,,,,,,1,1,1,1
4,16,2,body_t1_m1,1,beam_t1_m1,1,1,,,,,,,1,1,1,1
4,16,2,body_t1_m1,1,beam_t1_m1,1,1,,,,,,,1,1,1,1
4,16,2,body_t1_m1,1,beam_t1_m1,1,1,,,,,,,1,1,1,1
4,17,2,body_t1_m1,1,beam_t1_m1,1,1,,,,,,,1,1,1,1
4,17,2,body_t1_m1,1,beam_t1_m1,1,1,,,,,,,1,1,1,1
4,17,2,body_t1_m1,1,beam_t1_m1,1,1,,,,,,,1,1,1,1
4,18,2,body_t1_m1,1,beam_t1_m1,1,1,,,,,,,1,1,1,1
4,18,2,body_t1_m1,1,beam_t1_m1,1,1,,,,,,,1,1,1,1
4,18,2,body_t1_m1,1,beam_t1_m1,1,1,,,,,,,1,1,1,1
4,19,2,body_t1_m1,1,beam_t1_m1,1,1,,,,,,,1,1,1,1
4,19,2,body_t1_m1,1,beam_t1_m1,1,1,,,,,,,1,1,1,1
4,19,2,body_t1_m1,1,beam_t1_m1,1,1,,,,,,,1,1,1,1
4,20,2,body_t1_m1,1,beam_t1_m1,1,1,,,,,,,1,1,1,1
4,20,2,body_t1_m1,1,beam_t1_m1,1,1,,,,,,,1,1,1,1
4,20,2,body_t1_m1,1,beam_t1_m1,1,1,,,,,,,1,1,1,1
4,21,2,body_t1_m1,1,beam_t1_m1,1,1,,,,,,,1,1,1,1
4,21,2,body_t1_m1,1,beam_t1_m1,1,1,,,,,,,1,1,1,1
4,21,2,body_t1_m1,1,beam_t1_m1,1,1,,,,,,,1,1,1,1
4,22,2,body_t1_m1,1,beam_t1_m1,1,1,,,,,,,1,1,1,1
4,22,2,body_t1_m1,1,beam_t1_m1,1,1,,,,,,,1,1,1,1
4,22,2,body_t1_m1,1,beam_t1_m1,1,1,,,,,,,1,1,1,1
4,23,2,body_t1_m1,1,beam_t1_m1,1,1,,,,,,,1,1,1,1
4,23,2,body_t1_m1,1,beam_t1_m1,1,1,,,,,,,1,1,1,1
4,23,2,body_t1_m1,1,beam_t1_m1,1,1,,,,,,,1,1,1,1
4,24,2,body_t1_m1,1,beam_t1_m1,1,1,,,,,,,1,1,1,1
4,24,2,body_t1_m1,1,beam_t1_m1,1,1,,,,,,,1,1,1,1
4,24,2,body_t1_m1,1,beam_t1_m1,1,1,,,,,,,1,1,1,1
4,25,2,body_t1_m1,1,beam_t1_m1,1,1,,,,,,,1,1,1,1
4,25,2,body_t1_m1,1,beam_t1_m1,1,1,,,,,,,1,1,1,1
4,25,2,body_t1_m1,1,beam_t1_m1,1,1,,,,,,,1,1,1,1
4,26,2,body_t1_m1,1,beam_t1_m1,1,1,,,,,,,1,1,1,1
4,26,2,body_t1_m1,1,beam_t1_m1,1,1,,,,,,,1,1,1,1
4,26,2,body_t1_m1,1,beam_t1_m1,1,1,,,,,,,1,1,1,1
4,27,2,body_t1_m1,1,beam_t1_m1,1,1,,,,,,,1,1,1,1
4,27,2,body_t1_m1,1,beam_t1_m1,1,1,,,,,,,1,1,1,1
4,27,2,body_t1_m1,1,beam_t1_m1,1,1,,,,,,,1,1,1,1
4,28,2,body_t1_m1,1,beam_t1_m1,1,1,,,,,,,1,1,1,1
4,28,2,body_t1_m1,1,beam_t1_m1,1,1,,,,,,,1,1,1,1
4,28,2,body_t1_m1,1,beam_t1_m1,1,1,,,,,,,1,1,1,1
4,29,2,body_t1_m1,1,beam_t1_m1,1,1,,,,,,,1,1,1,1
4,29,2,body_t1_m1,1,beam_t1_m1,1,1,,,,,,,1,1,1,1
4,29,2,body_t1_m1,1,beam_t1_m1,1,1,,,,,,,1,1,1,1
4,30,2,body_t1_m1,1,beam_t1_m1,1,1,,,,,,,1,1,1,1
4,30,2,body_t1_m1,1,beam_t1_m1,1,1,,,,,,,1,1,1,1
4,30,2,body_t1_m1,1,beam_t1_m1,1,1,,,,,,,1,1,1,1
5,1,0,body_t1_m1,1,beam_t1_m1,1,1,,,,,,,1,1,1,1
5,1,1,body_t1_m1,1,beam_t1_m1,1,1,,,,,,,1,1,1,1
5,1,2,body_t1_m1,1,beam_t1_m1,1,1,,,,,,,1,1,1,1
5,2,0,body_t1_m1,1,beam_t1_m1,1,1,,,,,,,1,1,1,1
5,2,1,body_t1_m1,1,beam_t1_m1,1,1,,,,,,,1,1,1,1
5,2,2,body_t1_m1,1,beam_t1_m1,1,1,,,,,,,1,1,1,1
5,3,0,body_t1_m1,1,beam_t1_m1,1,1,,,,,,,1,1,1,1
5,3,1,body_t1_m1,1,beam_t1_m1,1,1,,,,,,,1,1,1,1
5,3,2,body_t1_m1,1,beam_t1_m1,1,1,,,,,,,1,1,1,1
5,4,0,body_t1_m1,1,beam_t1_m1,1,1,,,,,,,1,1,1,1
5,4,1,body_t1_m1,1,beam_t1_m1,1,1,,,,,,,1,1,1,1
5,4,2,body_t1_m1,1,beam_t1_m1,1,1,,,,,,,1,1,1,1
5,5,0,body_t1_m1,1,beam_t1_m1,1,1,,,,,,,1,1,1,1
5,5,1,body_t1_m1,1,beam_t1_m1,1,1,,,,,,,1,1,1,1
5,5,2,body_t1_m1,1,beam_t1_m1,1,1,,,,,,,1,1,1,1
5,6,0,body_t1_m1,1,beam_t1_m1,1,1,,,,,,,1,1,1,1
5,6,1,body_t1_m1,1,beam_t1_m1,1,1,,,,,,,1,1,1,1
5,6,2,body_t1_m1,1,beam_t1_m1,1,1,,,,,,,1,1,1,1
5,7,0,body_t1_m1,1,beam_t1_m1,1,1,,,,,,,1,1,1,1
5,7,1,body_t1_m1,1,beam_t1_m1,1,1,,,,,,,1,1,1,1
5,7,2,body_t1_m1,1,beam_t1_m1,1,1,,,,,,,1,1,1,1
5,8,0,body_t1_m1,1,beam_t1_m1,1,1,,,,,,,1,1,1,1
5,8,1,body_t1_m1,1,beam_t1_m1,1,1,,,,,,,1,1,1,1
5,8,2,body_t1_m1,1,beam_t1_m1,1,1,,,,,,,1,1,1,1
5,9,0,body_t1_m1,1,beam_t1_m1,1,1,,,,,,,1,1,1,1
5,9,1,body_t1_m1,1,beam_t1_m1,1,1,,,,,,,1,1,1,1
5,9,2,body_t1_m1,1,beam_t1_m1,1,1,,,,,,,1,1,1,1
5,10,0,body_t1_m1,1,beam_t1_m1,1,1,,,,,,,1,1,1,1
5,10,1,body_t1_m1,1,beam_t1_m1,1,1,,,,,,,1,1,1,1
5,10,2,body_t1_m1,1,beam_t1_m1,1,1,,,,,,,1,1,1,1
5,11,0,body_t1_m1,1,beam_t1_m1,1,1,,,,,,,1,1,1,1
5,11,1,body_t1_m1,1,beam_t1_m1,1,1,,,,,,,1,1,1,1
5,11,2,body_t1_m1,1,beam_t1_m1,1,1,,,,,,,1,1,1,1
5,12,0,body_t1_m1,1,beam_t1_m1,1,1,,,,,,,1,1,1,1
5,12,1,body_t1_m1,1,beam_t1_m1,1,1,,,,,,,1,1,1,1
5,12,2,body_t1_m1,1,beam_t1_m1,1,1,,,,,,,1,1,1,1
5,13,0,body_t1_m1,1,beam_t1_m1,1,1,,,,,,,1,1,1,1
5,13,1,body_t1_m1,1,beam_t1_m1,1,1,,,,,,,1,1,1,1
5,13,2,body_t1_m1,1,beam_t1_m1,1,1,,,,,,,1,1,1,1
5,14,0,body_t1_m1,1,beam_t1_m1,1,1,,,,,,,1,1,1,1
5,14,1,body_t1_m1,1,beam_t1_m1,1,1,,,,,,,1,1,1,1
5,14,2,body_t1_m1,1,beam_t1_m1,1,1,,,,,,,1,1,1,1
5,15,0,body_t1_m1,1,beam_t1_m1,1,1,,,,,,,1,1,1,1
5,15,1,body_t1_m1,1,beam_t1_m1,1,1,,,,,,,1,1,1,1
5,15,2,body_t1_m1,1,beam_t1_m1,1,1,,,,,,,1,1,1,1
5,16,0,body_t1_m1,1,beam_t1_m1,1,1,,,,,,,1,1,1,1
5,16,1,body_t1_m1,1,beam_t1_m1,1,1,,,,,,,1,1,1,1
5,16,2,body_t1_m1,1,beam_t1_m1,1,1,,,,,,,1,1,1,1
5,17,0,body_t1_m1,1,beam_t1_m1,1,1,,,,,,,1,1,1,1
5,17,1,body_t1_m1,1,beam_t1_m1,1,1,,,,,,,1,1,1,1
5,17,2,body_t1_m1,1,beam_t1_m1,1,1,,,,,,,1,1,1,1
5,18,0,body_t1_m1,1,beam_t1_m1,1,1,,,,,,,1,1,1,1
5,18,1,body_t1_m1,1,beam_t1_m1,1,1,,,,,,,1,1,1,1
5,18,2,body_t1_m1,1,beam_t1_m1,1,1,,,,,,,1,1,1,1
5,19,0,body_t1_m1,1,beam_t1_m1,1,1,,,,,,,1,1,1,1
5,19,1,body_t1_m1,1,beam_t1_m1,1,1,,,,,,,1,1,1,1
5,19,2,body_t1_m1,1,beam_t1_m1,1,1,,,,,,,1,1,1,1
5,20,0,body_t1_m1,1,beam_t1_m1,1,1,,,,,,,1,1,1,1
5,20,1,body_t1_m1,1,beam_t1_m1,1,1,,,,,,,1,1,1,1
5,20,2,body_t1_m1,1,beam_t1_m1,1,1,,,,,,,1,1,1,1
5,21,0,body_t1_m1,1,beam_t1_m1,1,1,,,,,,,1,1,1,1
5,21,1,body_t1_m1,1,beam_t1_m1,1,1,,,,,,,1,1,1,1
5,21,2,body_t1_m1,1,beam_t1_m1,1,1,,,,,,,1,1,1,1
5,22,0,body_t1_m1,1,beam_t1_m1,1,1,,,,,,,1,1,1,1
5,22,1,body_t1_m1,1,beam_t1_m1,1,1,,,,,,,1,1,1,1
5,22,2,body_t1_m1,1,beam_t1_m1,1,1,,,,,,,1,1,1,1
5,23,0,body_t1_m1,1,beam_t1_m1,1,1,,,,,,,1,1,1,1
5,23,1,body_t1_m1,1,beam_t1_m1,1,1,,,,,,,1,1,1,1
5,23,2,body_t1_m1,1,beam_t1_m1,1,1,,,,,,,1,1,1,1
5,24,0,body_t1_m1,1,beam_t1_m1,1,1,,,,,,,1,1,1,1
5,24,1,body_t1_m1,1,beam_t1_m1,1,1,,,,,,,1,1,1,1
5,24,2,body_t1_m1,1,beam_t1_m1,1,1,,,,,,,1,1,1,1
5,25,0,body_t1_m1,1,beam_t1_m1,1,1,,,,,,,1,1,1,1
5,25,1,body_t1_m1,1,beam_t1_m1,1,1,,,,,,,1,1,1,1
5,25,2,body_t1_m1,1,beam_t1_m1,1,1,,,,,,,1,1,1,1
5,26,0,body_t1_m1,1,beam_t1_m1,1,1,,,,,,,1,1,1,1
5,26,1,body_t1_m1,1,beam_t1_m1,1,1,,,,,,,1,1,1,1
5,26,2,body_t1_m1,1,beam_t1_m1,1,1,,,,,,,1,1,1,1
5,27,0,body_t1_m1,1,beam_t1_m1,1,1,,,,,,,1,1,1,1
5,27,1,body_t1_m1,1,beam_t1_m1,1,1,,,,,,,1,1,1,1
5,27,2,body_t1_m1,1,beam_t1_m1,1,1,,,,,,,1,1,1,1
5,28,0,body_t1_m1,1,beam_t1_m1,1,1,,,,,,,1,1,1,1
5,28,1,body_t1_m1,1,beam_t1_m1,1,1,,,,,,,1,1,1,1
5,28,2,body_t1_m1,1,beam_t1_m1,1,1,,,,,,,1,1,1,1
5,29,0,body_t1_m1,1,beam_t1_m1,1,1,,,,,,,1,1,1,1
5,29,1,body_t1_m1,1,beam_t1_m1,1,1,,,,,,,1,1,1,1
5,29,2,body_t1_m1,1,beam_t1_m1,1,1,,,,,,,1,1,1,1
5,30,0,body_t1_m1,1,beam_t1_m1,1,1,,,,,,,1,1,1,1
5,30,1,body_t1_m1,1,beam_t1_m1,1,1,,,,,,,1,1,1,1
5,30,2,body_t1_m1,1,beam_t1_m1,1,1,,,,,,,1,1,1,1
6,1,2,body_t1_m1,1,beam_t1_m1,1,1,,,,,,,1,1,1,1
6,1,2,body_t1_m1,1,beam_t1_m1,1,1,,,,,,,1,1,1,1
6,1,2,body_t1_m1,1,beam_t1_m1,1,1,,,,,,,1,1,1,1
6,2,2,body_t1_m1,1,beam_t1_m1,1,1,,,,,,,1,1,1,1
6,2,2,body_t1_m1,1,beam_t1_m1,1,1,,,,,,,1,1,1,1
6,2,2,body_t1_m1,1,beam_t1_m1,1,1,,,,,,,1,1,1,1
6,3,2,body_t1_m1,1,beam_t1_m1,1,1,,,,,,,1,1,1,1
6,3,2,body_t1_m1,1,beam_t1_m1,1,1,,,,,,,1,1,1,1
6,3,2,body_t1_m1,1,beam_t1_m1,1,1,,,,,,,1,1,1,1
6,4,2,body_t1_m1,1,beam_t1_m1,1,1,,,,,,,1,1,1,1
6,4,2,body_t1_m1,1,beam_t1_m1,1,1,,,,,,,1,1,1,1
6,4,2,body_t1_m1,1,beam_t1_m1,1,1,,,,,,,1,1,1,1
6,5,2,body_t1_m1,1,beam_t1_m1,1,1,,,,,,,1,1,1,1
6,5,2,body_t1_m1,1,beam_t1_m1,1,1,,,,,,,1,1,1,1
6,5,2,body_t1_m1,1,beam_t1_m1,1,1,,,,,,,1,1,1,1
6,6,2,body_t1_m1,1,beam_t1_m1,1,1,,,,,,,1,1,1,1
6,6,2,body_t1_m1,1,beam_t1_m1,1,1,,,,,,,1,1,1,1
6,6,2,body_t1_m1,1,beam_t1_m1,1,1,,,,,,,1,1,1,1
6,7,2,body_t1_m1,1,beam_t1_m1,1,1,,,,,,,1,1,1,1
6,7,2,body_t1_m1,1,beam_t1_m1,1,1,,,,,,,1,1,1,1
6,7,2,body_t1_m1,1,beam_t1_m1,1,1,,,,,,,1,1,1,1
6,8,2,body_t1_m1,1,beam_t1_m1,1,1,,,,,,,1,1,1,1
6,8,2,body_t1_m1,1,beam_t1_m1,1,1,,,,,,,1,1,1,1
6,8,2,body_t1_m1,1,beam_t1_m1,1,1,,,,,,,1,1,1,1
6,9,2,body_t1_m1,1,beam_t1_m1,1,1,,,,,,,1,1,1,1
6,9,2,body_t1_m1,1,beam_t1_m1,1,1,,,,,,,1,1,1,1
6,9,2,body_t1_m1,1,beam_t1_m1,1,1,,,,,,,1,1,1,1
6,10,2,body_t1_m1,1,beam_t1_m1,1,1,,,,,,,1,1,1,1
6,10,2,body_t1_m1,1,beam_t1_m1,1,1,,,,,,,1,1,1,1
6,10,2,body_t1_m1,1,beam_t1_m1,1,1,,,,,,,1,1,1,1
6,11,2,body_t1_m1,1,beam_t1_m1,1,1,,,,,,,1,1,1,1
6,11,2,body_t1_m1,1,beam_t1_m1,1,1,,,,,,,1,1,1,1
6,11,2,body_t1_m1,1,beam_t1_m1,1,1,,,,,,,1,1,1,1
6,12,2,body_t1_m1,1,beam_t1_m1,1,1,,,,,,,1,1,1,1
6,12,2,body_t1_m1,1,beam_t1_m1,1,1,,,,,,,1,1,1,1
6,12,2,body_t1_m1,1,beam_t1_m1,1,1,,,,,,,1,1,1,1
6,13,2,body_t1_m1,1,beam_t1_m1,1,1,,,,,,,1,1,1,1
6,13,2,body_t1_m1,1,beam_t1_m1,1,1,,,,,,,1,1,1,1
6,13,2,body_t1_m1,1,beam_t1_m1,1,1,,,,,,,1,1,1,1
6,14,2,body_t1_m1,1,beam_t1_m1,1,1,,,,,,,1,1,1,1
6,14,2,body_t1_m1,1,beam_t1_m1,1,1,,,,,,,1,1,1,1
6,14,2,body_t1_m1,1,beam_t1_m1,1,1,,,,,,,1,1,1,1
6,15,2,body_t1_m1,1,beam_t1_m1,1,1,,,,,,,1,1,1,1
6,15,2,body_t1_m1,1,beam_t1_m1,1,1,,,,,,,1,1,1,1
6,15,2,body_t1_m1,1,beam_t1_m1,1,1,,,,,,,1,1,1,1
6,16,2,body_t1_m1,1,beam_t1_m1,1,1,,,,,,,1,1,1,1
6,16,2,body_t1_m1,1,beam_t1_m1,1,1,,,,,,,1,1,1,1
6,16,2,body_t1_m1,1,beam_t1_m1,1,1,,,,,,,1,1,1,1
6,17,2,body_t1_m1,1,beam_t1_m1,1,1,,,,,,,1,1,1,1
6,17,2,body_t1_m1,1,beam_t1_m1,1,1,,,,,,,1,1,1,1
6,17,2,body_t1_m1,1,beam_t1_m1,1,1,,,,,,,1,1,1,1
6,18,2,body_t1_m1,1,beam_t1_m1,1,1,,,,,,,1,1,1,1
6,18,2,body_t1_m1,1,beam_t1_m1,1,1,,,,,,,1,1,1,1
6,18,2,body_t1_m1,1,beam_t1_m1,1,1,,,,,,,1,1,1,1
6,19,2,body_t1_m1,1,beam_t1_m1,1,1,,,,,,,1,1,1,1
6,19,2,body_t1_m1,1,beam_t1_m1,1,1,,,,,,,1,1,1,1
6,19,2,body_t1_m1,1,beam_t1_m1,1,1,,,,,,,1,1,1,1
6,20,2,body_t1_m1,1,beam_t1_m1,1,1,,,,,,,1,1,1,1
6,20,2,body_t1_m1,1,beam_t1_m1,1,1,,,,,,,1,1,1,1
6,20,2,body_t1_m1,1,beam_t1_m1,1,1,,,,,,,1,1,1,1
6,21,2,body_t1_m1,1,beam_t1_m1,1,1,,,,,,,1,1,1,1
6,21,2,body_t1_m1,1,beam_t1_m1,1,1,,,,,,,1,1,1,1
6,21,2,body_t1_m1,1,beam_t1_m1,1,1,,,,,,,1,1,1,1
6,22,2,body_t1_m1,1,beam_t1_m1,1,1,,,,,,,1,1,1,1
6,22,2,body_t1_m1,1,beam_t1_m1,1,1,,,,,,,1,1,1,1
6,22,2,body_t1_m1,1,beam_t1_m1,1,1,,,,,,,1,1,1,1
6,23,2,body_t1_m1,1,beam_t1_m1,1,1,,,,,,,1,1,1,1
6,23,2,body_t1_m1,1,beam_t1_m1,1,1,,,,,,,1,1,1,1
6,23,2,body_t1_m1,1,beam_t1_m1,1,1,,,,,,,1,1,1,1
6,24,2,body_t1_m1,1,beam_t1_m1,1,1,,,,,,,1,1,1,1
6,24,2,body_t1_m1,1,beam_t1_m1,1,1,,,,,,,1,1,1,1
6,24,2,body_t1_m1,1,beam_t1_m1,1,1,,,,,,,1,1,1,1
6,25,2,body_t1_m1,1,beam_t1_m1,1,1,,,,,,,1,1,1,1
6,25,2,body_t1_m1,1,beam_t1_m1,1,1,,,,,,,1,1,1,1
6,25,2,body_t1_m1,1,beam_t1_m1,1,1,,,,,,,1,1,1,1
6,26,2,body_t1_m1,1,beam_t1_m1,1,1,,,,,,,1,1,1,1
6,26,2,body_t1_m1,1,beam_t1_m1,1,1,,,,,,,1,1,1,1
6,26,2,body_t1_m1,1,beam_t1_m1,1,1,,,,,,,1,1,1,1
6,27,2,body_t1_m1,1,beam_t1_m1,1,1,,,,,,,1,1,1,1
6,27,2,body_t1_m1,1,beam_t1_m1,1,1,,,,,,,1,1,1,1
6,27,2,body_t1_m1,1,beam_t1_m1,1,1,,,,,,,1,1,1,1
6,28,2,body_t1_m1,1,beam_t1_m1,1,1,,,,,,,1,1,1,1
6,28,2,body_t1_m1,1,beam_t1_m1,1,1,,,,,,,1,1,1,1
6,28,2,body_t1_m1,1,beam_t1_m1,1,1,,,,,,,1,1,1,1
6,29,2,body_t1_m1,1,beam_t1_m1,1,1,,,,,,,1,1,1,1
6,29,2,body_t1_m1,1,beam_t1_m1,1,1,,,,,,,1,1,1,1
6,29,2,body_t1_m1,1,beam_t1_m1,1,1,,,,,,,1,1,1,1
6,30,2,body_t1_m1,1,beam_t1_m1,1,1,,,,,,,1,1,1,1
6,30,2,body_t1_m1,1,beam_t1_m1,1,1,,,,,,,1,1,1,1
6,30,2,body_t1_m1,1,beam_t1_m1,1,1,,,,,,,1,1,1,1
7,1,0,body_t1_m1,1,beam_t1_m1,1,1,,,,,,,1,1,1,1
7,1,1,body_t1_m1,1,beam_t1_m1,1,1,,,,,,,1,1,1,1
7,1,2,body_t1_m1,1,beam_t1_m1,1,1,,,,,,,1,1,1,1
7,2,0,body_t1_m1,1,beam_t1_m1,1,1,,,,,,,1,1,1,1
7,2,1,body_t1_m1,1,beam_t1_m1,1,1,,,,,,,1,1,1,1
7,2,2,body_t1_m1,1,beam_t1_m1,1,1,,,,,,,1,1,1,1
7,3,0,body_t1_m1,1,beam_t1_m1,1,1,,,,,,,1,1,1,1
7,3,1,body_t1_m1,1,beam_t1_m1,1,1,,,,,,,1,1,1,1
7,3,2,body_t1_m1,1,beam_t1_m1,1,1,,,,,,,1,1,1,1
7,4,0,body_t1_m1,1,beam_t1_m1,1,1,,,,,,,1,1,1,1
7,4,1,body_t1_m1,1,beam_t1_m1,1,1,,,,,,,1,1,1,1
7,4,2,body_t1_m1,1,beam_t1_m1,1,1,,,,,,,1,1,1,1
7,5,0,body_t1_m1,1,beam_t1_m1,1,1,,,,,,,1,1,1,1
7,5,1,body_t1_m1,1,beam_t1_m1,1,1,,,,,,,1,1,1,1
7,5,2,body_t1_m1,1,beam_t1_m1,1,1,,,,,,,1,1,1,1
7,6,0,body_t1_m1,1,beam_t1_m1,1,1,,,,,,,1,1,1,1
7,6,1,body_t1_m1,1,beam_t1_m1,1,1,,,,,,,1,1,1,1
7,6,2,body_t1_m1,1,beam_t1_m1,1,1,,,,,,,1,1,1,1
7,7,0,body_t1_m1,1,beam_t1_m1,1,1,,,,,,,1,1,1,1
7,7,1,body_t1_m1,1,beam_t1_m1,1,1,,,,,,,1,1,1,1
7,7,2,body_t1_m1,1,beam_t1_m1,1,1,,,,,,,1,1,1,1
7,8,0,body_t1_m1,1,beam_t1_m1,1,1,,,,,,,1,1,1,1
7,8,1,body_t1_m1,1,beam_t1_m1,1,1,,,,,,,1,1,1,1
7,8,2,body_t1_m1,1,beam_t1_m1,1,1,,,,,,,1,1,1,1
7,9,0,body_t1_m1,1,beam_t1_m1,1,1,,,,,,,1,1,1,1
7,9,1,body_t1_m1,1,beam_t1_m1,1,1,,,,,,,1,1,1,1
7,9,2,body_t1_m1,1,beam_t1_m1,1,1,,,,,,,1,1,1,1
7,10,0,body_t1_m1,1,beam_t1_m1,1,1,,,,,,,1,1,1,1
7,10,1,body_t1_m1,1,beam_t1_m1,1,1,,,,,,,1,1,1,1
7,10,2,body_t1_m1,1,beam_t1_m1,1,1,,,,,,,1,1,1,1
7,11,0,body_t1_m1,1,beam_t1_m1,1,1,,,,,,,1,1,1,1
7,11,1,body_t1_m1,1,beam_t1_m1,1,1,,,,,,,1,1,1,1
7,11,2,body_t1_m1,1,beam_t1_m1,1,1,,,,,,,1,1,1,1
7,12,0,body_t1_m1,1,beam_t1_m1,1,1,,,,,,,1,1,1,1
7,12,1,body_t1_m1,1,beam_t1_m1,1,1,,,,,,,1,1,1,1
7,12,2,body_t1_m1,1,beam_t1_m1,1,1,,,,,,,1,1,1,1
7,13,0,body_t1_m1,1,beam_t1_m1,1,1,,,,,,,1,1,1,1
7,13,1,body_t1_m1,1,beam_t1_m1,1,1,,,,,,,1,1,1,1
7,13,2,body_t1_m1,1,beam_t1_m1,1,1,,,,,,,1,1,1,1
7,14,0,body_t1_m1,1,beam_t1_m1,1,1,,,,,,,1,1,1,1
7,14,1,body_t1_m1,1,beam_t1_m1,1,1,,,,,,,1,1,1,1
7,14,2,body_t1_m1,1,beam_t1_m1,1,1,,,,,,,1,1,1,1
7,15,0,body_t1_m1,1,beam_t1_m1,1,1,,,,,,,1,1,1,1
7,15,1,body_t1_m1,1,beam_t1_m1,1,1,,,,,,,1,1,1,1
7,15,2,body_t1_m1,1,beam_t1_m1,1,1,,,,,,,1,1,1,1
7,16,0,body_t1_m1,1,beam_t1_m1,1,1,,,,,,,1,1,1,1
7,16,1,body_t1_m1,1,beam_t1_m1,1,1,,,,,,,1,1,1,1
7,16,2,body_t1_m1,1,beam_t1_m1,1,1,,,,,,,1,1,1,1
7,17,0,body_t1_m1,1,beam_t1_m1,1,1,,,,,,,1,1,1,1
7,17,1,body_t1_m1,1,beam_t1_m1,1,1,,,,,,,1,1,1,1
7,17,2,body_t1_m1,1,beam_t1_m1,1,1,,,,,,,1,1,1,1
7,18,0,body_t1_m1,1,beam_t1_m1,1,1,,,,,,,1,1,1,1
7,18,1,body_t1_m1,1,beam_t1_m1,1,1,,,,,,,1,1,1,1
7,18,2,body_t1_m1,1,beam_t1_m1,1,1,,,,,,,1,1,1,1
7,19,0,body_t1_m1,1,beam_t1_m1,1,1,,,,,,,1,1,1,1
7,19,1,body_t1_m1,1,beam_t1_m1,1,1,,,,,,,1,1,1,1
7,19,2,body_t1_m1,1,beam_t1_m1,1,1,,,,,,,1,1,1,1
7,20,0,body_t1_m1,1,beam_t1_m1,1,1,,,,,,,1,1,1,1
7,20,1,body_t1_m1,1,beam_t1_m1,1,1,,,,,,,1,1,1,1
7,20,2,body_t1_m1,1,beam_t1_m1,1,1,,,,,,,1,1,1,1
7,21,0,body_t1_m1,1,beam_t1_m1,1,1,,,,,,,1,1,1,1
7,21,1,body_t1_m1,1,beam_t1_m1,1,1,,,,,,,1,1,1,1
7,21,2,body_t1_m1,1,beam_t1_m1,1,1,,,,,,,1,1,1,1
7,22,0,body_t1_m1,1,beam_t1_m1,1,1,,,,,,,1,1,1,1
7,22,1,body_t1_m1,1,beam_t1_m1,1,1,,,,,,,1,1,1,1
7,22,2,body_t1_m1,1,beam_t1_m1,1,1,,,,,,,1,1,1,1
7,23,0,body_t1_m1,1,beam_t1_m1,1,1,,,,,,,1,1,1,1
7,23,1,body_t1_m1,1,beam_t1_m1,1,1,,,,,,,1,1,1,1
7,23,2,body_t1_m1,1,beam_t1_m1,1,1,,,,,,,1,1,1,1
7,24,0,body_t1_m1,1,beam_t1_m1,1,1,,,,,,,1,1,1,1
7,24,1,body_t1_m1,1,beam_t1_m1,1,1,,,,,,,1,1,1,1
7,24,2,body_t1_m1,1,beam_t1_m1,1,1,,,,,,,1,1,1,1
7,25,0,body_t1_m1,1,beam_t1_m1,1,1,,,,,,,1,1,1,1
7,25,1,body_t1_m1,1,beam_t1_m1,1,1,,,,,,,1,1,1,1
7,25,2,body_t1_m1,1,beam_t1_m1,1,1,,,,,,,1,1,1,1
7,26,0,body_t1_m1,1,beam_t1_m1,1,1,,,,,,,1,1,1,1
7,26,1,body_t1_m1,1,beam_t1_m1,1,1,,,,,,,1,1,1,1
7,26,2,body_t1_m1,1,beam_t1_m1,1,1,,,,,,,1,1,1,1
7,27,0,body_t1_m1,1,beam_t1_m1,1,1,,,,,,,1,1,1,1
7,27,1,body_t1_m1,1,beam_t1_m1,1,1,,,,,,,1,1,1,1
7,27,2,body_t1_m1,1,beam_t1_m1,1,1,,,,,,,1,1,1,1
7,28,0,body_t1_m1,1,beam_t1_m1,1,1,,,,,,,1,1,1,1
7,28,1,body_t1_m1,1,beam_t1_m1,1,1,,,,,,,1,1,1,1
7,28,2,body_t1_m1,1,beam_t1_m1,1,1,,,,,,,1,1,1,1
7,29,0,body_t1_m1,1,beam_t1_m1,1,1,,,,,,,1,1,1,1
7,29,1,body_t1_m1,1,beam_t1_m1,1,1,,,,,,,1,1,1,1
7,29,2,body_t1_m1,1,beam_t1_m1,1,1,,,,,,,1,1,1,1
7,30,0,body_t1_m1,1,beam_t1_m1,1,1,,,,,,,1,1,1,1
7,30,1,body_t1_m1,1,beam_t1_m1,1,1,,,,,,,1,1,1,1
7,30,2,body_t1_m1,1,beam_t1_m1,1,1,,,,,,,1,1,1,1
8,1,2,body_t1_m1,1,beam_t1_m1,1,1,,,,,,,1,1,1,1
8,1,2,body_t1_m1,1,beam_t1_m1,1,1,,,,,,,1,1,1,1
8,1,2,body_t1_m1,1,beam_t1_m1,1,1,,,,,,,1,1,1,1
8,2,2,body_t1_m1,1,beam_t1_m1,1,1,,,,,,,1,1,1,1
8,2,2,body_t1_m1,1,beam_t1_m1,1,1,,,,,,,1,1,1,1
8,2,2,body_t1_m1,1,beam_t1_m1,1,1,,,,,,,1,1,1,1
8,3,2,body_t1_m1,1,beam_t1_m1,1,1,,,,,,,1,1,1,1
8,3,2,body_t1_m1,1,beam_t1_m1,1,1,,,,,,,1,1,1,1
8,3,2,body_t1_m1,1,beam_t1_m1,1,1,,,,,,,1,1,1,1
8,4,2,body_t1_m1,1,beam_t1_m1,1,1,,,,,,,1,1,1,1
8,4,2,body_t1_m1,1,beam_t1_m1,1,1,,,,,,,1,1,1,1
8,4,2,body_t1_m1,1,beam_t1_m1,1,1,,,,,,,1,1,1,1
8,5,2,body_t1_m1,1,beam_t1_m1,1,1,,,,,,,1,1,1,1
8,5,2,body_t1_m1,1,beam_t1_m1,1,1,,,,,,,1,1,1,1
8,5,2,body_t1_m1,1,beam_t1_m1,1,1,,,,,,,1,1,1,1
8,6,2,body_t1_m1,1,beam_t1_m1,1,1,,,,,,,1,1,1,1
8,6,2,body_t1_m1,1,beam_t1_m1,1,1,,,,,,,1,1,1,1
8,6,2,body_t1_m1,1,beam_t1_m1,1,1,,,,,,,1,1,1,1
8,7,2,body_t1_m1,1,beam_t1_m1,1,1,,,,,,,1,1,1,1
8,7,2,body_t1_m1,1,beam_t1_m1,1,1,,,,,,,1,1,1,1
8,7,2,body_t1_m1,1,beam_t1_m1,1,1,,,,,,,1,1,1,1
8,8,2,body_t1_m1,1,beam_t1_m1,1,1,,,,,,,1,1,1,1
8,8,2,body_t1_m1,1,beam_t1_m1,1,1,,,,,,,1,1,1,1
8,8,2,body_t1_m1,1,beam_t1_m1,1,1,,,,,,,1,1,1,1
8,9,2,body_t1_m1,1,beam_t1_m1,1,1,,,,,,,1,1,1,1
8,9,2,body_t1_m1,1,beam_t1_m1,1,1,,,,,,,1,1,1,1
8,9,2,body_t1_m1,1,beam_t1_m1,1,1,,,,,,,1,1,1,1
8,10,2,body_t1_m1,1,beam_t1_m1,1,1,,,,,,,1,1,1,1
8,10,2,body_t1_m1,1,beam_t1_m1,1,1,,,,,,,1,1,1,1
8,10,2,body_t1_m1,1,beam_t1_m1,1,1,,,,,,,1,1,1,1
8,11,2,body_t1_m1,1,beam_t1_m1,1,1,,,,,,,1,1,1,1
8,11,2,body_t1_m1,1,beam_t1_m1,1,1,,,,,,,1,1,1,1
8,11,2,body_t1_m1,1,beam_t1_m1,1,1,,,,,,,1,1,1,1
8,12,2,body_t1_m1,1,beam_t1_m1,1,1,,,,,,,1,1,1,1
8,12,2,body_t1_m1,1,beam_t1_m1,1,1,,,,,,,1,1,1,1
8,12,2,body_t1_m1,1,beam_t1_m1,1,1,,,,,,,1,1,1,1
8,13,2,body_t1_m1,1,beam_t1_m1,1,1,,,,,,,1,1,1,1
8,13,2,body_t1_m1,1,beam_t1_m1,1,1,,,,,,,1,1,1,1
8,13,2,body_t1_m1,1,beam_t1_m1,1,1,,,,,,,1,1,1,1
8,14,2,body_t1_m1,1,beam_t1_m1,1,1,,,,,,,1,1,1,1
8,14,2,body_t1_m1,1,beam_t1_m1,1,1,,,,,,,1,1,1,1
8,14,2,body_t1_m1,1,beam_t1_m1,1,1,,,,,,,1,1,1,1
8,15,2,body_t1_m1,1,beam_t1_m1,1,1,,,,,,,1,1,1,1
8,15,2,body_t1_m1,1,beam_t1_m1,1,1,,,,,,,1,1,1,1
8,15,2,body_t1_m1,1,beam_t1_m1,1,1,,,,,,,1,1,1,1
8,16,2,body_t1_m1,1,beam_t1_m1,1,1,,,,,,,1,1,1,1
8,16,2,body_t1_m1,1,beam_t1_m1,1,1,,,,,,,1,1,1,1
8,16,2,body_t1_m1,1,beam_t1_m1,1,1,,,,,,,1,1,1,1
8,17,2,body_t1_m1,1,beam_t1_m1,1,1,,,,,,,1,1,1,1
8,17,2,body_t1_m1,1,beam_t1_m1,1,1,,,,,,,1,1,1,1
8,17,2,body_t1_m1,1,beam_t1_m1,1,1,,,,,,,1,1,1,1
8,18,2,body_t1_m1,1,beam_t1_m1,1,1,,,,,,,1,1,1,1
8,18,2,body_t1_m1,1,beam_t1_m1,1,1,,,,,,,1,1,1,1
8,18,2,body_t1_m1,1,beam_t1_m1,1,1,,,,,,,1,1,1,1
8,19,2,body_t1_m1,1,beam_t1_m1,1,1,,,,,,,1,1,1,1
8,19,2,body_t1_m1,1,beam_t1_m1,1,1,,,,,,,1,1,1,1
8,19,2,body_t1_m1,1,beam_t1_m1,1,1,,,,,,,1,1,1,1
8,20,2,body_t1_m1,1,beam_t1_m1,1,1,,,,,,,1,1,1,1
8,20,2,body_t1_m1,1,beam_t1_m1,1,1,,,,,,,1,1,1,1
8,20,2,body_t1_m1,1,beam_t1_m1,1,1,,,,,,,1,1,1,1
8,21,2,body_t1_m1,1,beam_t1_m1,1,1,,,,,,,1,1,1,1
8,21,2,body_t1_m1,1,beam_t1_m1,1,1,,,,,,,1,1,1,1
8,21,2,body_t1_m1,1,beam_t1_m1,1,1,,,,,,,1,1,1,1
8,22,2,body_t1_m1,1,beam_t1_m1,1,1,,,,,,,1,1,1,1
8,22,2,body_t1_m1,1,beam_t1_m1,1,1,,,,,,,1,1,1,1
8,22,2,body_t1_m1,1,beam_t1_m1,1,1,,,,,,,1,1,1,1
8,23,2,body_t1_m1,1,beam_t1_m1,1,1,,,,,,,1,1,1,1
8,23,2,body_t1_m1,1,beam_t1_m1,1,1,,,,,,,1,1,1,1
8,23,2,body_t1_m1,1,beam_t1_m1,1,1,,,,,,,1,1,1,1
8,24,2,body_t1_m1,1,beam_t1_m1,1,1,,,,,,,1,1,1,1
8,24,2,body_t1_m1,1,beam_t1_m1,1,1,,,,,,,1,1,1,1
8,24,2,body_t1_m1,1,beam_t1_m1,1,1,,,,,,,1,1,1,1
8,25,2,body_t1_m1,1,beam_t1_m1,1,1,,,,,,,1,1,1,1
8,25,2,body_t1_m1,1,beam_t1_m1,1,1,,,,,,,1,1,1,1
8,25,2,body_t1_m1,1,beam_t1_m1,1,1,,,,,,,1,1,1,1
8,26,2,body_t1_m1,1,beam_t1_m1,1,1,,,,,,,1,1,1,1
8,26,2,body_t1_m1,1,beam_t1_m1,1,1,,,,,,,1,1,1,1
8,26,2,body_t1_m1,1,beam_t1_m1,1,1,,,,,,,1,1,1,1
8,27,2,body_t1_m1,1,beam_t1_m1,1,1,,,,,,,1,1,1,1
8,27,2,body_t1_m1,1,beam_t1_m1,1,1,,,,,,,1,1,1,1
8,27,2,body_t1_m1,1,beam_t1_m1,1,1,,,,,,,1,1,1,1
8,28,2,body_t1_m1,1,beam_t1_m1,1,1,,,,,,,1,1,1,1
8,28,2,body_t1_m1,1,beam_t1_m1,1,1,,,,,,,1,1,1,1
8,28,2,body_t1_m1,1,beam_t1_m1,1,1,,,,,,,1,1,1,1
8,29,2,body_t1_m1,1,beam_t1_m1,1,1,,,,,,,1,1,1,1
8,29,2,body_t1_m1,1,beam_t1_m1,1,1,,,,,,,1,1,1,1
8,29,2,body_t1_m1,1,beam_t1_m1,1,1,,,,,,,1,1,1,1
8,30,2,body_t1_m1,1,beam_t1_m1,1,1,,,,,,,1,1,1,1
8,30,2,body_t1_m1,1,beam_t1_m1,1,1,,,,,,,1,1,1,1
8,30,2,body_t1_m1,1,beam_t1_m1,1,1,,,,,,,1,1,1,1
9,1,0,body_t1_m1,1,beam_t1_m1,1,1,,,,,,,1,1,1,1
9,1,1,body_t1_m1,1,beam_t1_m1,1,1,,,,,,,1,1,1,1
9,1,2,body_t1_m1,1,beam_t1_m1,1,1,,,,,,,1,1,1,1
9,2,0,body_t1_m1,1,beam_t1_m1,1,1,,,,,,,1,1,1,1
9,2,1,body_t1_m1,1,beam_t1_m1,1,1,,,,,,,1,1,1,1
9,2,2,body_t1_m1,1,beam_t1_m1,1,1,,,,,,,1,1,1,1
9,3,0,body_t1_m1,1,beam_t1_m1,1,1,,,,,,,1,1,1,1
9,3,1,body_t1_m1,1,beam_t1_m1,1,1,,,,,,,1,1,1,1
9,3,2,body_t1_m1,1,beam_t1_m1,1,1,,,,,,,1,1,1,1
9,4,0,body_t1_m1,1,beam_t1_m1,1,1,,,,,,,1,1,1,1
9,4,1,body_t1_m1,1,beam_t1_m1,1,1,,,,,,,1,1,1,1
9,4,2,body_t1_m1,1,beam_t1_m1,1,1,,,,,,,1,1,1,1
9,5,0,body_t1_m1,1,beam_t1_m1,1,1,,,,,,,1,1,1,1
9,5,1,body_t1_m1,1,beam_t1_m1,1,1,,,,,,,1,1,1,1
9,5,2,body_t1_m1,1,beam_t1_m1,1,1,,,,,,,1,1,1,1
9,6,0,body_t1_m1,1,beam_t1_m1,1,1,,,,,,,1,1,1,1
9,6,1,body_t1_m1,1,beam_t1_m1,1,1,,,,,,,1,1,1,1
9,6,2,body_t1_m1,1,beam_t1_m1,1,1,,,,,,,1,1,1,1
9,7,0,body_t1_m1,1,beam_t1_m1,1,1,,,,,,,1,1,1,1
9,7,1,body_t1_m1,1,beam_t1_m1,1,1,,,,,,,1,1,1,1
9,7,2,body_t1_m1,1,beam_t1_m1,1,1,,,,,,,1,1,1,1
9,8,0,body_t1_m1,1,beam_t1_m1,1,1,,,,,,,1,1,1,1
9,8,1,body_t1_m1,1,beam_t1_m1,1,1,,,,,,,1,1,1,1
9,8,2,body_t1_m1,1,beam_t1_m1,1,1,,,,,,,1,1,1,1
9,9,0,body_t1_m1,1,beam_t1_m1,1,1,,,,,,,1,1,1,1
9,9,1,body_t1_m1,1,beam_t1_m1,1,1,,,,,,,1,1,1,1
9,9,2,body_t1_m1,1,beam_t1_m1,1,1,,,,,,,1,1,1,1
9,10,0,body_t1_m1,1,beam_t1_m1,1,1,,,,,,,1,1,1,1
9,10,1,body_t1_m1,1,beam_t1_m1,1,1,,,,,,,1,1,1,1
9,10,2,body_t1_m1,1,beam_t1_m1,1,1,,,,,,,1,1,1,1
9,11,0,body_t1_m1,1,beam_t1_m1,1,1,,,,,,,1,1,1,1
9,11,1,body_t1_m1,1,beam_t1_m1,1,1,,,,,,,1,1,1,1
9,11,2,body_t1_m1,1,beam_t1_m1,1,1,,,,,,,1,1,1,1
9,12,0,body_t1_m1,1,beam_t1_m1,1,1,,,,,,,1,1,1,1
9,12,1,body_t1_m1,1,beam_t1_m1,1,1,,,,,,,1,1,1,1
9,12,2,body_t1_m1,1,beam_t1_m1,1,1,,,,,,,1,1,1,1
9,13,0,body_t1_m1,1,beam_t1_m1,1,1,,,,,,,1,1,1,1
9,13,1,body_t1_m1,1,beam_t1_m1,1,1,,,,,,,1,1,1,1
9,13,2,body_t1_m1,1,beam_t1_m1,1,1,,,,,,,1,1,1,1
9,14,0,body_t1_m1,1,beam_t1_m1,1,1,,,,,,,1,1,1,1
9,14,1,body_t1_m1,1,beam_t1_m1,1,1,,,,,,,1,1,1,1
9,14,2,body_t1_m1,1,beam_t1_m1,1,1,,,,,,,1,1,1,1
9,15,0,body_t1_m1,1,beam_t1_m1,1,1,,,,,,,1,1,1,1
9,15,1,body_t1_m1,1,beam_t1_m1,1,1,,,,,,,1,1,1,1
9,15,2,body_t1_m1,1,beam_t1_m1,1,1,,,,,,,1,1,1,1
9,16,0,body_t1_m1,1,beam_t1_m1,1,1,,,,,,,1,1,1,1
9,16,1,body_t1_m1,1,beam_t1_m1,1,1,,,,,,,1,1,1,1
9,16,2,body_t1_m1,1,beam_t1_m1,1,1,,,,,,,1,1,1,1
9,17,0,body_t1_m1,1,beam_t1_m1,1,1,,,,,,,1,1,1,1
9,17,1,body_t1_m1,1,beam_t1_m1,1,1,,,,,,,1,1,1,1
9,17,2,body_t1_m1,1,beam_t1_m1,1,1,,,,,,,1,1,1,1
9,18,0,body_t1_m1,1,beam_t1_m1,1,1,,,,,,,1,1,1,1
9,18,1,body_t1_m1,1,beam_t1_m1,1,1,,,,,,,1,1,1,1
9,18,2,body_t1_m1,1,beam_t1_m1,1,1,,,,,,,1,1,1,1
9,19,0,body_t1_m1,1,beam_t1_m1,1,1,,,,,,,1,1,1,1
9,19,1,body_t1_m1,1,beam_t1_m1,1,1,,,,,,,1,1,1,1
9,19,2,body_t1_m1,1,beam_t1_m1,1,1,,,,,,,1,1,1,1
9,20,0,body_t1_m1,1,beam_t1_m1,1,1,,,,,,,1,1,1,1
9,20,1,body_t1_m1,1,beam_t1_m1,1,1,,,,,,,1,1,1,1
9,20,2,body_t1_m1,1,beam_t1_m1,1,1,,,,,,,1,1,1,1
9,21,0,body_t1_m1,1,beam_t1_m1,1,1,,,,,,,1,1,1,1
9,21,1,body_t1_m1,1,beam_t1_m1,1,1,,,,,,,1,1,1,1
9,21,2,body_t1_m1,1,beam_t1_m1,1,1,,,,,,,1,1,1,1
9,22,0,body_t1_m1,1,beam_t1_m1,1,1,,,,,,,1,1,1,1
9,22,1,body_t1_m1,1,beam_t1_m1,1,1,,,,,,,1,1,1,1
9,22,2,body_t1_m1,1,beam_t1_m1,1,1,,,,,,,1,1,1,1
9,23,0,body_t1_m1,1,beam_t1_m1,1,1,,,,,,,1,1,1,1
9,23,1,body_t1_m1,1,beam_t1_m1,1,1,,,,,,,1,1,1,1
9,23,2,body_t1_m1,1,beam_t1_m1,1,1,,,,,,,1,1,1,1
9,24,0,body_t1_m1,1,beam_t1_m1,1,1,,,,,,,1,1,1,1
9,24,1,body_t1_m1,1,beam_t1_m1,1,1,,,,,,,1,1,1,1
9,24,2,body_t1_m1,1,beam_t1_m1,1,1,,,,,,,1,1,1,1
9,25,0,body_t1_m1,1,beam_t1_m1,1,1,,,,,,,1,1,1,1
9,25,1,body_t1_m1,1,beam_t1_m1,1,1,,,,,,,1,1,1,1
9,25,2,body_t1_m1,1,beam_t1_m1,1,1,,,,,,,1,1,1,1
9,26,0,body_t1_m1,1,beam_t1_m1,1,1,,,,,,,1,1,1,1
9,26,1,body_t1_m1,1,beam_t1_m1,1,1,,,,,,,1,1,1,1
9,26,2,body_t1_m1,1,beam_t1_m1,1,1,,,,,,,1,1,1,1
9,27,0,body_t1_m1,1,beam_t1_m1,1,1,,,,,,,1,1,1,1
9,27,1,body_t1_m1,1,beam_t1_m1,1,1,,,,,,,1,1,1,1
9,27,2,body_t1_m1,1,beam_t1_m1,1,1,,,,,,,1,1,1,1
9,28,0,body_t1_m1,1,beam_t1_m1,1,1,,,,,,,1,1,1,1
9,28,1,body_t1_m1,1,beam_t1_m1,1,1,,,,,,,1,1,1,1
9,28,2,body_t1_m1,1,beam_t1_m1,1,1,,,,,,,1,1,1,1
9,29,0,body_t1_m1,1,beam_t1_m1,1,1,,,,,,,1,1,1,1
9,29,1,body_t1_m1,1,beam_t1_m1,1,1,,,,,,,1,1,1,1
9,29,2,body_t1_m1,1,beam_t1_m1,1,1,,,,,,,1,1,1,1
9,30,0,body_t1_m1,1,beam_t1_m1,1,1,,,,,,,1,1,1,1
9,30,1,body_t1_m1,1,beam_t1_m1,1,1,,,,,,,1,1,1,1
9,30,2,body_t1_m1,1,beam_t1_m1,1,1,,,,,,,1,1,1,1