stepId,message,triggerType,targetPanelName,targetUIId,showArrow,arrowDirection,textBoxOffsetX,textBoxOffsetY,textBoxSizeX,textBoxSizeY,textBoxPositionX,textBoxPositionY,autoNextDelay,preActionPanelName,preActionTabName,conditionType,conditionThreshold,conditionCount,targetModuleType
step1,Tutorial_FirstPlay_EnemyAlert,AnyClick,,,False,Auto,0,0,1000,100,0,-520,0,,,None,90,3,none
step2,Tutorial_FirstPlay_EnemyFleetWrapIn,AutoNext,,,False,Auto,0,0,800,0,0,-500,3,,,None,90,3,none
step3,,Custom,,,False,Auto,0,0,800,0,0,-500,0,,,EnemyWave1,90,3,none
step4,Tutorial_FirstPlay_FleetBattle,AnyClick,,,False,Auto,0,0,800,0,0,-500,0,,,None,90,3,none
step5,Tutorial_FirstPlay_EnemyFleetWrapIn2,AutoNext,,,False,Auto,0,0,800,0,0,-500,3,,,None,90,3,none
step6,,Custom,,,False,Auto,0,0,800,0,0,-500,0,,,EnemyWave2,90,3,none
step7,Tutorial_FirstPlay_Defeat,AnyClick,,,False,Auto,0,0,800,0,0,-500,0,,,None,90,3,none
step8,Tutorial_FirstPlay_EscapeAlert,Custom,,,False,Auto,0,0,800,0,0,-500,0,,,EscapeShipDistanceFromFlagship,20,3,none
step9,,Custom,,,False,Auto,0,0,800,0,0,-500,0,,,SiegfriedFlagshipExplosion,3,3,none
